race_id,gp_year,gp_name,gp_round,driver_id,driver_name,constructor,constructor_ref,is_williams,stop_number,lap_number,time_of_stop,pit_duration,pit_duration_ms,pit_duration_s,long_stop_flag,multi_stops_flag,chaotic_race_flag
930,2015,Spanish Grand Prix,5,807,Nico Hülkenberg,Force India,force_india,False,1,10,14:19:46,22.659,22659,22.659,False,False,False
930,2015,Spanish Grand Prix,5,815,Sergio Pérez,Force India,force_india,False,1,19,14:33:59,22.468,22468,22.468,False,False,False
930,2015,Spanish Grand Prix,5,807,Nico Hülkenberg,Force India,force_india,False,2,26,14:45:13,22.534,22534,22.534,False,False,False
930,2015,Spanish Grand Prix,5,815,Sergio Pérez,Force India,force_india,False,2,36,15:01:03,22.426,22426,22.426,False,False,False
930,2015,Spanish Grand Prix,5,807,Nico Hülkenberg,Force India,force_india,False,3,49,15:21:24,22.545,22545,22.545,False,False,False
930,2015,Spanish Grand Prix,5,13,Felipe Massa,Williams,williams,True,1,14,14:25:37,22.139,22139,22.139,False,False,False
930,2015,Spanish Grand Prix,5,822,Valtteri Bottas,Williams,williams,True,1,15,14:27:01,22.082,22082,22.082,False,False,False
930,2015,Spanish Grand Prix,5,13,Felipe Massa,Williams,williams,True,2,32,14:53:41,22.629,22629,22.629,False,False,False
930,2015,Spanish Grand Prix,5,822,Valtteri Bottas,Williams,williams,True,2,42,15:08:57,21.800,21800,21.8,False,False,False
930,2015,Spanish Grand Prix,5,13,Felipe Massa,Williams,williams,True,3,47,15:17:04,22.257,22257,22.257,False,False,False
931,2015,Monaco Grand Prix,6,807,Nico Hülkenberg,Force India,force_india,False,1,1,14:04:47,34.773,34773,34.773,False,False,False
931,2015,Monaco Grand Prix,6,815,Sergio Pérez,Force India,force_india,False,1,36,14:51:43,24.733,24733,24.733,False,False,False
931,2015,Monaco Grand Prix,6,807,Nico Hülkenberg,Force India,force_india,False,2,31,14:46:02,24.758,24758,24.758,False,False,False
931,2015,Monaco Grand Prix,6,815,Sergio Pérez,Force India,force_india,False,2,64,15:29:57,25.119,25119,25.119,False,False,False
931,2015,Monaco Grand Prix,6,13,Felipe Massa,Williams,williams,True,1,1,14:05:03,42.934,42934,42.934,False,False,False
931,2015,Monaco Grand Prix,6,822,Valtteri Bottas,Williams,williams,True,1,14,14:22:23,24.641,24641,24.641,False,False,False
931,2015,Monaco Grand Prix,6,13,Felipe Massa,Williams,williams,True,2,39,14:58:08,24.970,24970,24.97,False,False,False
931,2015,Monaco Grand Prix,6,822,Valtteri Bottas,Williams,williams,True,2,56,15:19:50,24.412,24412,24.412,False,False,False
931,2015,Monaco Grand Prix,6,13,Felipe Massa,Williams,williams,True,3,62,15:29:53,24.395,24395,24.395,False,False,False
933,2015,Austrian Grand Prix,8,807,Nico Hülkenberg,Force India,force_india,False,1,25,14:37:53,21.685,21685,21.685,False,False,False
933,2015,Austrian Grand Prix,8,815,Sergio Pérez,Force India,force_india,False,1,38,14:54:06,26.689,26689,26.689,False,False,False
933,2015,Austrian Grand Prix,8,822,Valtteri Bottas,Williams,williams,True,1,26,14:39:05,22.777,22777,22.777,False,False,False
933,2015,Austrian Grand Prix,8,13,Felipe Massa,Williams,williams,True,1,34,14:48:45,22.447,22447,22.447,False,False,False
934,2015,British Grand Prix,9,807,Nico Hülkenberg,Force India,force_india,False,1,19,13:36:56,28.558,28558,28.558,False,False,False
934,2015,British Grand Prix,9,815,Sergio Pérez,Force India,force_india,False,1,20,13:38:41,28.860,28860,28.86,False,False,False
934,2015,British Grand Prix,9,807,Nico Hülkenberg,Force India,force_india,False,2,44,14:20:36,33.891,33891,33.891,False,False,False
934,2015,British Grand Prix,9,815,Sergio Pérez,Force India,force_india,False,2,44,14:21:16,31.998,31998,31.998,False,False,False
934,2015,British Grand Prix,9,13,Felipe Massa,Williams,williams,True,1,20,13:38:21,29.369,29369,29.369,False,False,False
934,2015,British Grand Prix,9,822,Valtteri Bottas,Williams,williams,True,1,21,13:39:59,28.781,28781,28.781,False,False,False
934,2015,British Grand Prix,9,13,Felipe Massa,Williams,williams,True,2,44,14:19:54,31.948,31948,31.948,False,False,False
934,2015,British Grand Prix,9,822,Valtteri Bottas,Williams,williams,True,2,44,14:20:02,31.937,31937,31.937,False,False,False
936,2015,Hungarian Grand Prix,10,807,Nico Hülkenberg,Force India,force_india,False,1,15,14:28:49,22.573,22573,22.573,False,False,False
936,2015,Hungarian Grand Prix,10,815,Sergio Pérez,Force India,force_india,False,1,16,14:30:25,22.068,22068,22.068,False,False,False
936,2015,Hungarian Grand Prix,10,815,Sergio Pérez,Force India,force_india,False,2,30,14:51:57,22.409,22409,22.409,False,False,False
936,2015,Hungarian Grand Prix,10,807,Nico Hülkenberg,Force India,force_india,False,2,36,15:00:25,22.222,22222,22.222,False,False,False
936,2015,Hungarian Grand Prix,10,815,Sergio Pérez,Force India,force_india,False,3,41,15:08:53,22.574,22574,22.574,False,False,False
936,2015,Hungarian Grand Prix,10,815,Sergio Pérez,Force India,force_india,False,4,44,15:14:51,16.958,16958,16.958,False,True,True
936,2015,Hungarian Grand Prix,10,815,Sergio Pérez,Force India,force_india,False,5,45,15:17:15,32.181,32181,32.181,False,True,True
936,2015,Hungarian Grand Prix,10,822,Valtteri Bottas,Williams,williams,True,1,13,14:25:47,22.974,22974,22.974,False,False,False
936,2015,Hungarian Grand Prix,10,13,Felipe Massa,Williams,williams,True,1,14,14:27:28,27.936,27936,27.936,False,False,False
936,2015,Hungarian Grand Prix,10,13,Felipe Massa,Williams,williams,True,2,29,14:50:32,21.915,21915,21.915,False,False,False
936,2015,Hungarian Grand Prix,10,822,Valtteri Bottas,Williams,williams,True,2,38,15:03:21,21.867,21867,21.867,False,False,False
936,2015,Hungarian Grand Prix,10,13,Felipe Massa,Williams,williams,True,3,44,15:14:44,16.823,16823,16.823,False,False,False
936,2015,Hungarian Grand Prix,10,822,Valtteri Bottas,Williams,williams,True,3,45,15:15:16,16.427,16427,16.427,False,False,False
936,2015,Hungarian Grand Prix,10,13,Felipe Massa,Williams,williams,True,4,45,15:17:10,16.818,16818,16.818,False,True,True
936,2015,Hungarian Grand Prix,10,822,Valtteri Bottas,Williams,williams,True,4,46,15:17:25,17.557,17557,17.557,False,True,True
936,2015,Hungarian Grand Prix,10,822,Valtteri Bottas,Williams,williams,True,5,49,15:23:48,30.031,30031,30.031,False,True,True
936,2015,Hungarian Grand Prix,10,13,Felipe Massa,Williams,williams,True,5,54,15:31:14,21.502,21502,21.502,False,True,True
937,2015,Belgian Grand Prix,11,815,Sergio Pérez,Force India,force_india,False,1,8,14:22:36,23.562,23562,23.562,False,False,False
937,2015,Belgian Grand Prix,11,815,Sergio Pérez,Force India,force_india,False,2,20,14:46:18,22.918,22918,22.918,False,False,False
937,2015,Belgian Grand Prix,11,822,Valtteri Bottas,Williams,williams,True,1,8,14:22:46,23.319,23319,23.319,False,False,False
937,2015,Belgian Grand Prix,11,13,Felipe Massa,Williams,williams,True,1,9,14:24:47,23.282,23282,23.282,False,False,False
937,2015,Belgian Grand Prix,11,822,Valtteri Bottas,Williams,williams,True,2,15,14:36:40,17.343,17343,17.343,False,False,False
937,2015,Belgian Grand Prix,11,13,Felipe Massa,Williams,williams,True,2,21,14:48:52,23.655,23655,23.655,False,False,False
937,2015,Belgian Grand Prix,11,822,Valtteri Bottas,Williams,williams,True,3,21,14:49:04,23.489,23489,23.489,False,False,False
938,2015,Italian Grand Prix,12,807,Nico Hülkenberg,Force India,force_india,False,1,18,14:30:23,24.286,24286,24.286,False,False,False
938,2015,Italian Grand Prix,12,815,Sergio Pérez,Force India,force_india,False,1,23,14:37:46,24.281,24281,24.281,False,False,False
938,2015,Italian Grand Prix,12,13,Felipe Massa,Williams,williams,True,1,19,14:31:39,25.207,25207,25.207,False,False,False
938,2015,Italian Grand Prix,12,822,Valtteri Bottas,Williams,williams,True,1,22,14:36:10,25.536,25536,25.536,False,False,False
939,2015,Singapore Grand Prix,13,807,Nico Hülkenberg,Force India,force_india,False,1,11,20:24:36,30.868,30868,30.868,False,False,False
939,2015,Singapore Grand Prix,13,815,Sergio Pérez,Force India,force_india,False,1,13,20:28:45,29.732,29732,29.732,False,False,False
939,2015,Singapore Grand Prix,13,815,Sergio Pérez,Force India,force_india,False,2,34,21:12:15,29.676,29676,29.676,False,False,False
939,2015,Singapore Grand Prix,13,13,Felipe Massa,Williams,williams,True,1,12,20:26:28,31.380,31380,31.38,False,False,False
939,2015,Singapore Grand Prix,13,822,Valtteri Bottas,Williams,williams,True,1,13,20:28:34,29.260,29260,29.26,False,False,False
939,2015,Singapore Grand Prix,13,13,Felipe Massa,Williams,williams,True,2,14,20:31:49,29.907,29907,29.907,False,False,False
939,2015,Singapore Grand Prix,13,822,Valtteri Bottas,Williams,williams,True,2,37,21:18:06,29.239,29239,29.239,False,False,False
939,2015,Singapore Grand Prix,13,13,Felipe Massa,Williams,williams,True,3,29,21:03:13,24.415,24415,24.415,False,False,False
940,2015,Japanese Grand Prix,14,815,Sergio Pérez,Force India,force_india,False,1,1,14:05:29,25.041,25041,25.041,False,False,False
940,2015,Japanese Grand Prix,14,807,Nico Hülkenberg,Force India,force_india,False,1,10,14:20:34,23.750,23750,23.75,False,False,False
940,2015,Japanese Grand Prix,14,815,Sergio Pérez,Force India,force_india,False,2,18,14:34:39,24.303,24303,24.303,False,False,False
940,2015,Japanese Grand Prix,14,807,Nico Hülkenberg,Force India,force_india,False,2,31,14:56:02,23.491,23491,23.491,False,False,False
940,2015,Japanese Grand Prix,14,815,Sergio Pérez,Force India,force_india,False,3,36,15:05:03,24.267,24267,24.267,False,False,False
940,2015,Japanese Grand Prix,14,807,Nico Hülkenberg,Force India,force_india,False,3,42,15:17:36,35.760,35760,35.76,False,False,False
940,2015,Japanese Grand Prix,14,13,Felipe Massa,Williams,williams,True,1,1,14:06:55,34.166,34166,34.166,False,False,False
940,2015,Japanese Grand Prix,14,822,Valtteri Bottas,Williams,williams,True,1,11,14:22:04,23.542,23542,23.542,False,False,False
940,2015,Japanese Grand Prix,14,13,Felipe Massa,Williams,williams,True,2,16,14:32:49,26.735,26735,26.735,False,False,False
940,2015,Japanese Grand Prix,14,822,Valtteri Bottas,Williams,williams,True,2,29,14:52:23,23.588,23588,23.588,False,False,False
940,2015,Japanese Grand Prix,14,13,Felipe Massa,Williams,williams,True,3,34,15:03:24,24.670,24670,24.67,False,False,False
944,2015,Brazilian Grand Prix,18,807,Nico Hülkenberg,Force India,force_india,False,1,9,14:14:48,24.009,24009,24.009,False,False,False
944,2015,Brazilian Grand Prix,18,815,Sergio Pérez,Force India,force_india,False,1,10,14:16:10,23.854,23854,23.854,False,False,False
944,2015,Brazilian Grand Prix,18,815,Sergio Pérez,Force India,force_india,False,2,33,14:46:36,23.609,23609,23.609,False,False,False
944,2015,Brazilian Grand Prix,18,807,Nico Hülkenberg,Force India,force_india,False,2,35,14:48:59,24.199,24199,24.199,False,False,False
944,2015,Brazilian Grand Prix,18,815,Sergio Pérez,Force India,force_india,False,3,51,15:10:22,23.732,23732,23.732,False,False,False
944,2015,Brazilian Grand Prix,18,13,Felipe Massa,Williams,williams,True,1,10,14:16:08,23.887,23887,23.887,False,False,False
944,2015,Brazilian Grand Prix,18,822,Valtteri Bottas,Williams,williams,True,1,11,14:17:18,23.736,23736,23.736,False,False,False
944,2015,Brazilian Grand Prix,18,13,Felipe Massa,Williams,williams,True,2,38,14:53:00,23.927,23927,23.927,False,False,False
944,2015,Brazilian Grand Prix,18,822,Valtteri Bottas,Williams,williams,True,2,41,14:56:37,24.913,24913,24.913,False,False,False
944,2015,Brazilian Grand Prix,18,13,Felipe Massa,Williams,williams,True,3,55,15:15:12,23.401,23401,23.401,False,False,False
952,2016,Spanish Grand Prix,5,815,Sergio Pérez,Force India,force_india,False,1,9,14:18:56,22.679,22679,22.679,False,False,False
952,2016,Spanish Grand Prix,5,807,Nico Hülkenberg,Force India,force_india,False,1,10,14:20:31,22.176,22176,22.176,False,False,False
952,2016,Spanish Grand Prix,5,815,Sergio Pérez,Force India,force_india,False,2,35,14:59:10,21.918,21918,21.918,False,False,False
952,2016,Spanish Grand Prix,5,154,Romain Grosjean,Haas F1 Team,haas,False,1,15,14:28:12,23.187,23187,23.187,False,False,False
952,2016,Spanish Grand Prix,5,821,Esteban Gutiérrez,Haas F1 Team,haas,False,1,16,14:29:51,23.206,23206,23.206,False,False,False
952,2016,Spanish Grand Prix,5,154,Romain Grosjean,Haas F1 Team,haas,False,2,29,14:50:06,22.844,22844,22.844,False,False,False
952,2016,Spanish Grand Prix,5,821,Esteban Gutiérrez,Haas F1 Team,haas,False,2,30,14:51:38,22.430,22430,22.43,False,False,False
952,2016,Spanish Grand Prix,5,154,Romain Grosjean,Haas F1 Team,haas,False,3,37,15:02:52,34.832,34832,34.832,False,False,False
952,2016,Spanish Grand Prix,5,825,Kevin Magnussen,Renault,renault,False,1,10,14:20:34,22.843,22843,22.843,False,False,False
952,2016,Spanish Grand Prix,5,835,Jolyon Palmer,Renault,renault,False,1,11,14:22:09,23.283,23283,23.283,False,False,False
952,2016,Spanish Grand Prix,5,825,Kevin Magnussen,Renault,renault,False,2,30,14:51:49,23.165,23165,23.165,False,False,False
952,2016,Spanish Grand Prix,5,835,Jolyon Palmer,Renault,renault,False,2,33,14:56:34,22.397,22397,22.397,False,False,False
952,2016,Spanish Grand Prix,5,825,Kevin Magnussen,Renault,renault,False,3,55,15:30:33,22.122,22122,22.122,False,False,False
952,2016,Spanish Grand Prix,5,13,Felipe Massa,Williams,williams,True,1,8,14:17:31,21.384,21384,21.384,False,False,False
952,2016,Spanish Grand Prix,5,822,Valtteri Bottas,Williams,williams,True,1,12,14:23:27,21.856,21856,21.856,False,False,False
952,2016,Spanish Grand Prix,5,13,Felipe Massa,Williams,williams,True,2,25,14:43:57,22.568,22568,22.568,False,False,False
952,2016,Spanish Grand Prix,5,822,Valtteri Bottas,Williams,williams,True,2,39,15:04:59,22.443,22443,22.443,False,False,False
952,2016,Spanish Grand Prix,5,13,Felipe Massa,Williams,williams,True,3,41,15:08:28,21.831,21831,21.831,False,False,False
953,2016,Monaco Grand Prix,6,807,Nico Hülkenberg,Force India,force_india,False,1,15,14:29:11,25.215,25215,25.215,False,False,False
953,2016,Monaco Grand Prix,6,815,Sergio Pérez,Force India,force_india,False,1,21,14:38:55,25.714,25714,25.714,False,False,False
953,2016,Monaco Grand Prix,6,815,Sergio Pérez,Force India,force_india,False,2,30,14:53:05,25.608,25608,25.608,False,False,False
953,2016,Monaco Grand Prix,6,807,Nico Hülkenberg,Force India,force_india,False,2,31,14:54:39,27.064,27064,27.064,False,False,False
953,2016,Monaco Grand Prix,6,154,Romain Grosjean,Haas F1 Team,haas,False,1,15,14:29:44,33.490,33490,33.49,False,False,False
953,2016,Monaco Grand Prix,6,821,Esteban Gutiérrez,Haas F1 Team,haas,False,1,16,14:31:01,26.044,26044,26.044,False,False,False
953,2016,Monaco Grand Prix,6,154,Romain Grosjean,Haas F1 Team,haas,False,2,30,14:54:03,25.111,25111,25.111,False,False,False
953,2016,Monaco Grand Prix,6,821,Esteban Gutiérrez,Haas F1 Team,haas,False,2,32,14:56:16,27.407,27407,27.407,False,False,False
953,2016,Monaco Grand Prix,6,825,Kevin Magnussen,Renault,renault,False,1,7,14:15:27,25.583,25583,25.583,False,False,False
953,2016,Monaco Grand Prix,6,825,Kevin Magnussen,Renault,renault,False,2,21,14:40:27,38.811,38811,38.811,False,False,False
953,2016,Monaco Grand Prix,6,825,Kevin Magnussen,Renault,renault,False,3,29,14:53:21,25.879,25879,25.879,False,False,False
953,2016,Monaco Grand Prix,6,825,Kevin Magnussen,Renault,renault,False,4,32,14:58:47,31.241,31241,31.241,False,True,True
953,2016,Monaco Grand Prix,6,822,Valtteri Bottas,Williams,williams,True,1,15,14:29:22,27.364,27364,27.364,False,False,False
953,2016,Monaco Grand Prix,6,13,Felipe Massa,Williams,williams,True,1,20,14:37:38,24.934,24934,24.934,False,False,False
953,2016,Monaco Grand Prix,6,822,Valtteri Bottas,Williams,williams,True,2,30,14:54:01,25.478,25478,25.478,False,False,False
953,2016,Monaco Grand Prix,6,13,Felipe Massa,Williams,williams,True,2,32,14:56:25,25.182,25182,25.182,False,False,False
953,2016,Monaco Grand Prix,6,822,Valtteri Bottas,Williams,williams,True,3,49,15:22:23,24.673,24673,24.673,False,False,False
956,2016,Austrian Grand Prix,9,807,Nico Hülkenberg,Force India,force_india,False,1,8,14:12:55,22.601,22601,22.601,False,False,False
956,2016,Austrian Grand Prix,9,815,Sergio Pérez,Force India,force_india,False,1,9,14:14:12,21.883,21883,21.883,False,False,False
956,2016,Austrian Grand Prix,9,807,Nico Hülkenberg,Force India,force_india,False,2,24,14:32:37,21.580,21580,21.58,False,False,False
956,2016,Austrian Grand Prix,9,815,Sergio Pérez,Force India,force_india,False,2,26,14:35:10,21.412,21412,21.412,False,False,False
956,2016,Austrian Grand Prix,9,815,Sergio Pérez,Force India,force_india,False,3,28,14:38:37,16.544,16544,16.544,False,False,False
956,2016,Austrian Grand Prix,9,807,Nico Hülkenberg,Force India,force_india,False,3,28,14:38:40,16.227,16227,16.227,False,False,False
956,2016,Austrian Grand Prix,9,815,Sergio Pérez,Force India,force_india,False,4,29,14:40:39,17.970,17970,17.97,False,True,True
956,2016,Austrian Grand Prix,9,807,Nico Hülkenberg,Force India,force_india,False,4,29,14:40:42,19.028,19028,19.028,False,True,True
956,2016,Austrian Grand Prix,9,807,Nico Hülkenberg,Force India,force_india,False,5,50,15:06:56,27.834,27834,27.834,False,True,True
956,2016,Austrian Grand Prix,9,821,Esteban Gutiérrez,Haas F1 Team,haas,False,1,21,14:29:00,22.053,22053,22.053,False,False,False
956,2016,Austrian Grand Prix,9,154,Romain Grosjean,Haas F1 Team,haas,False,1,26,14:35:02,22.662,22662,22.662,False,False,False
956,2016,Austrian Grand Prix,9,154,Romain Grosjean,Haas F1 Team,haas,False,2,28,14:38:29,18.860,18860,18.86,False,False,False
956,2016,Austrian Grand Prix,9,821,Esteban Gutiérrez,Haas F1 Team,haas,False,2,28,14:38:43,16.475,16475,16.475,False,False,False
956,2016,Austrian Grand Prix,9,154,Romain Grosjean,Haas F1 Team,haas,False,3,29,14:40:32,19.554,19554,19.554,False,False,False
956,2016,Austrian Grand Prix,9,821,Esteban Gutiérrez,Haas F1 Team,haas,False,3,29,14:40:44,18.308,18308,18.308,False,False,False
956,2016,Austrian Grand Prix,9,821,Esteban Gutiérrez,Haas F1 Team,haas,False,4,41,14:56:13,21.921,21921,21.921,False,True,True
956,2016,Austrian Grand Prix,9,825,Kevin Magnussen,Renault,renault,False,1,11,14:16:43,22.033,22033,22.033,False,False,False
956,2016,Austrian Grand Prix,9,835,Jolyon Palmer,Renault,renault,False,1,12,14:17:57,21.745,21745,21.745,False,False,False
956,2016,Austrian Grand Prix,9,825,Kevin Magnussen,Renault,renault,False,2,28,14:38:32,17.721,17721,17.721,False,False,False
956,2016,Austrian Grand Prix,9,835,Jolyon Palmer,Renault,renault,False,2,28,14:38:35,16.851,16851,16.851,False,False,False
956,2016,Austrian Grand Prix,9,825,Kevin Magnussen,Renault,renault,False,3,29,14:40:34,19.611,19611,19.611,False,False,False
956,2016,Austrian Grand Prix,9,835,Jolyon Palmer,Renault,renault,False,3,29,14:40:37,18.382,18382,18.382,False,False,False
956,2016,Austrian Grand Prix,9,825,Kevin Magnussen,Renault,renault,False,4,49,15:05:46,27.119,27119,27.119,False,True,True
956,2016,Austrian Grand Prix,9,835,Jolyon Palmer,Renault,renault,False,4,50,15:06:59,22.728,22728,22.728,False,True,True
956,2016,Austrian Grand Prix,9,822,Valtteri Bottas,Williams,williams,True,1,9,14:14:09,21.047,21047,21.047,False,False,False
956,2016,Austrian Grand Prix,9,13,Felipe Massa,Williams,williams,True,1,12,14:18:00,21.097,21097,21.097,False,False,False
956,2016,Austrian Grand Prix,9,822,Valtteri Bottas,Williams,williams,True,2,28,14:38:22,20.876,20876,20.876,False,False,False
956,2016,Austrian Grand Prix,9,13,Felipe Massa,Williams,williams,True,2,28,14:38:33,17.388,17388,17.388,False,False,False
956,2016,Austrian Grand Prix,9,822,Valtteri Bottas,Williams,williams,True,3,29,14:40:27,17.800,17800,17.8,False,False,False
956,2016,Austrian Grand Prix,9,13,Felipe Massa,Williams,williams,True,3,29,14:40:35,19.015,19015,19.015,False,False,False
956,2016,Austrian Grand Prix,9,822,Valtteri Bottas,Williams,williams,True,4,51,15:07:54,21.639,21639,21.639,False,True,True
956,2016,Austrian Grand Prix,9,13,Felipe Massa,Williams,williams,True,4,56,15:13:53,21.231,21231,21.231,False,True,True
957,2016,British Grand Prix,10,807,Nico Hülkenberg,Force India,force_india,False,1,5,13:14:18,30.747,30747,30.747,False,False,False
957,2016,British Grand Prix,10,815,Sergio Pérez,Force India,force_india,False,1,7,13:18:27,29.475,29475,29.475,False,False,False
957,2016,British Grand Prix,10,815,Sergio Pérez,Force India,force_india,False,2,17,13:37:40,28.915,28915,28.915,False,False,False
957,2016,British Grand Prix,10,807,Nico Hülkenberg,Force India,force_india,False,2,17,13:38:06,29.867,29867,29.867,False,False,False
957,2016,British Grand Prix,10,154,Romain Grosjean,Haas F1 Team,haas,False,1,5,13:14:21,31.632,31632,31.632,False,False,False
957,2016,British Grand Prix,10,821,Esteban Gutiérrez,Haas F1 Team,haas,False,1,5,13:14:22,41.508,41508,41.508,False,False,False
957,2016,British Grand Prix,10,154,Romain Grosjean,Haas F1 Team,haas,False,2,16,13:36:36,30.882,30882,30.882,False,False,False
957,2016,British Grand Prix,10,821,Esteban Gutiérrez,Haas F1 Team,haas,False,2,17,13:38:37,29.884,29884,29.884,False,False,False
957,2016,British Grand Prix,10,825,Kevin Magnussen,Renault,renault,False,1,5,13:14:23,30.804,30804,30.804,False,False,False
957,2016,British Grand Prix,10,835,Jolyon Palmer,Renault,renault,False,1,6,13:16:27,29.784,29784,29.784,False,False,False
957,2016,British Grand Prix,10,835,Jolyon Palmer,Renault,renault,False,2,16,13:36:38,55.697,55697,55.697,False,False,False
957,2016,British Grand Prix,10,825,Kevin Magnussen,Renault,renault,False,2,17,13:38:33,29.201,29201,29.201,False,False,False
957,2016,British Grand Prix,10,835,Jolyon Palmer,Renault,renault,False,3,19,13:42:54,41.486,41486,41.486,False,False,False
957,2016,British Grand Prix,10,825,Kevin Magnussen,Renault,renault,False,3,40,14:17:42,28.450,28450,28.45,False,False,False
957,2016,British Grand Prix,10,822,Valtteri Bottas,Williams,williams,True,1,5,13:14:17,29.808,29808,29.808,False,False,False
957,2016,British Grand Prix,10,13,Felipe Massa,Williams,williams,True,1,6,13:16:20,29.243,29243,29.243,False,False,False
957,2016,British Grand Prix,10,13,Felipe Massa,Williams,williams,True,2,16,13:36:16,29.403,29403,29.403,False,False,False
957,2016,British Grand Prix,10,822,Valtteri Bottas,Williams,williams,True,2,16,13:36:28,29.282,29282,29.282,False,False,False
957,2016,British Grand Prix,10,13,Felipe Massa,Williams,williams,True,3,38,14:13:29,29.346,29346,29.346,False,False,False
958,2016,Hungarian Grand Prix,11,807,Nico Hülkenberg,Force India,force_india,False,1,14,14:24:03,22.014,22014,22.014,False,False,False
958,2016,Hungarian Grand Prix,11,815,Sergio Pérez,Force India,force_india,False,1,27,14:43:00,22.689,22689,22.689,False,False,False
958,2016,Hungarian Grand Prix,11,807,Nico Hülkenberg,Force India,force_india,False,2,39,15:00:48,23.350,23350,23.35,False,False,False
958,2016,Hungarian Grand Prix,11,815,Sergio Pérez,Force India,force_india,False,2,40,15:02:11,29.941,29941,29.941,False,False,False
958,2016,Hungarian Grand Prix,11,154,Romain Grosjean,Haas F1 Team,haas,False,1,14,14:24:03,22.427,22427,22.427,False,False,False
958,2016,Hungarian Grand Prix,11,821,Esteban Gutiérrez,Haas F1 Team,haas,False,1,15,14:25:32,22.828,22828,22.828,False,False,False
958,2016,Hungarian Grand Prix,11,154,Romain Grosjean,Haas F1 Team,haas,False,2,36,14:56:35,22.303,22303,22.303,False,False,False
958,2016,Hungarian Grand Prix,11,821,Esteban Gutiérrez,Haas F1 Team,haas,False,2,37,14:58:00,22.520,22520,22.52,False,False,False
958,2016,Hungarian Grand Prix,11,825,Kevin Magnussen,Renault,renault,False,1,24,14:38:48,21.990,21990,21.99,False,False,False
958,2016,Hungarian Grand Prix,11,835,Jolyon Palmer,Renault,renault,False,1,26,14:41:39,21.892,21892,21.892,False,False,False
958,2016,Hungarian Grand Prix,11,825,Kevin Magnussen,Renault,renault,False,2,36,14:56:36,22.051,22051,22.051,False,False,False
958,2016,Hungarian Grand Prix,11,835,Jolyon Palmer,Renault,renault,False,2,39,15:00:49,21.665,21665,21.665,False,False,False
958,2016,Hungarian Grand Prix,11,822,Valtteri Bottas,Williams,williams,True,1,16,14:26:54,21.704,21704,21.704,False,False,False
958,2016,Hungarian Grand Prix,11,13,Felipe Massa,Williams,williams,True,1,25,14:40:31,21.793,21793,21.793,False,False,False
958,2016,Hungarian Grand Prix,11,822,Valtteri Bottas,Williams,williams,True,2,43,15:06:27,21.405,21405,21.405,False,False,False
958,2016,Hungarian Grand Prix,11,13,Felipe Massa,Williams,williams,True,2,65,15:39:36,22.366,22366,22.366,False,False,False
960,2016,Belgian Grand Prix,13,807,Nico Hülkenberg,Force India,force_india,False,1,6,14:15:53,23.564,23564,23.564,False,False,False
960,2016,Belgian Grand Prix,13,815,Sergio Pérez,Force India,force_india,False,1,6,14:16:04,23.783,23783,23.783,False,False,False
960,2016,Belgian Grand Prix,13,807,Nico Hülkenberg,Force India,force_india,False,2,9,14:24:31,16:38.468,998468,998.468,True,False,True
960,2016,Belgian Grand Prix,13,815,Sergio Pérez,Force India,force_india,False,2,9,14:24:36,16:40.284,1000284,1000.284,True,False,True
960,2016,Belgian Grand Prix,13,807,Nico Hülkenberg,Force India,force_india,False,3,23,15:08:55,24.015,24015,24.015,False,False,False
960,2016,Belgian Grand Prix,13,815,Sergio Pérez,Force India,force_india,False,3,24,15:10:56,22.652,22652,22.652,False,False,False
960,2016,Belgian Grand Prix,13,154,Romain Grosjean,Haas F1 Team,haas,False,1,6,14:16:08,23.705,23705,23.705,False,False,False
960,2016,Belgian Grand Prix,13,821,Esteban Gutiérrez,Haas F1 Team,haas,False,1,7,14:18:38,23.486,23486,23.486,False,False,False
960,2016,Belgian Grand Prix,13,154,Romain Grosjean,Haas F1 Team,haas,False,2,9,14:24:42,16:39.366,999366,999.366,True,False,True
960,2016,Belgian Grand Prix,13,821,Esteban Gutiérrez,Haas F1 Team,haas,False,2,9,14:24:48,16:38.622,998622,998.622,True,False,True
960,2016,Belgian Grand Prix,13,821,Esteban Gutiérrez,Haas F1 Team,haas,False,3,22,15:07:18,23.561,23561,23.561,False,False,False
960,2016,Belgian Grand Prix,13,154,Romain Grosjean,Haas F1 Team,haas,False,3,23,15:09:21,23.107,23107,23.107,False,False,False
960,2016,Belgian Grand Prix,13,835,Jolyon Palmer,Renault,renault,False,1,6,14:16:08,22.698,22698,22.698,False,False,False
960,2016,Belgian Grand Prix,13,835,Jolyon Palmer,Renault,renault,False,2,9,14:24:40,16:40.234,1000234,1000.234,True,False,True
960,2016,Belgian Grand Prix,13,835,Jolyon Palmer,Renault,renault,False,3,22,15:07:20,23.333,23333,23.333,False,False,False
960,2016,Belgian Grand Prix,13,835,Jolyon Palmer,Renault,renault,False,4,34,15:30:48,22.578,22578,22.578,False,True,True
960,2016,Belgian Grand Prix,13,13,Felipe Massa,Williams,williams,True,1,2,14:07:44,22.484,22484,22.484,False,False,False
960,2016,Belgian Grand Prix,13,822,Valtteri Bottas,Williams,williams,True,1,7,14:18:36,22.190,22190,22.19,False,False,False
960,2016,Belgian Grand Prix,13,13,Felipe Massa,Williams,williams,True,2,9,14:24:35,16:40.664,1000664,1000.664,True,False,True
960,2016,Belgian Grand Prix,13,822,Valtteri Bottas,Williams,williams,True,2,9,14:24:46,16:38.328,998328,998.328,True,False,True
960,2016,Belgian Grand Prix,13,13,Felipe Massa,Williams,williams,True,3,22,15:07:04,22.515,22515,22.515,False,False,False
960,2016,Belgian Grand Prix,13,822,Valtteri Bottas,Williams,williams,True,3,23,15:09:06,22.318,22318,22.318,False,False,False
961,2016,Italian Grand Prix,14,807,Nico Hülkenberg,Force India,force_india,False,1,14,14:24:20,24.043,24043,24.043,False,False,False
961,2016,Italian Grand Prix,14,815,Sergio Pérez,Force India,force_india,False,1,15,14:25:39,24.537,24537,24.537,False,False,False
961,2016,Italian Grand Prix,14,815,Sergio Pérez,Force India,force_india,False,2,28,14:45:06,24.033,24033,24.033,False,False,False
961,2016,Italian Grand Prix,14,807,Nico Hülkenberg,Force India,force_india,False,2,33,14:52:41,24.553,24553,24.553,False,False,False
961,2016,Italian Grand Prix,14,821,Esteban Gutiérrez,Haas F1 Team,haas,False,1,16,14:27:38,25.150,25150,25.15,False,False,False
961,2016,Italian Grand Prix,14,154,Romain Grosjean,Haas F1 Team,haas,False,1,28,14:45:26,25.340,25340,25.34,False,False,False
961,2016,Italian Grand Prix,14,821,Esteban Gutiérrez,Haas F1 Team,haas,False,2,34,14:54:36,25.515,25515,25.515,False,False,False
961,2016,Italian Grand Prix,14,835,Jolyon Palmer,Renault,renault,False,1,2,14:06:49,33.275,33275,33.275,False,False,False
961,2016,Italian Grand Prix,14,825,Kevin Magnussen,Renault,renault,False,1,14,14:24:42,24.505,24505,24.505,False,False,False
961,2016,Italian Grand Prix,14,825,Kevin Magnussen,Renault,renault,False,2,30,14:49:06,23.757,23757,23.757,False,False,False
961,2016,Italian Grand Prix,14,822,Valtteri Bottas,Williams,williams,True,1,13,14:22:38,24.161,24161,24.161,False,False,False
961,2016,Italian Grand Prix,14,13,Felipe Massa,Williams,williams,True,1,16,14:27:13,23.940,23940,23.94,False,False,False
961,2016,Italian Grand Prix,14,822,Valtteri Bottas,Williams,williams,True,2,30,14:47:55,23.899,23899,23.899,False,False,False
961,2016,Italian Grand Prix,14,13,Felipe Massa,Williams,williams,True,2,36,14:56:59,23.822,23822,23.822,False,False,False
962,2016,Singapore Grand Prix,15,815,Sergio Pérez,Force India,force_india,False,1,1,20:06:31,32.821,32821,32.821,False,False,False
962,2016,Singapore Grand Prix,15,815,Sergio Pérez,Force India,force_india,False,2,25,20:53:08,28.742,28742,28.742,False,False,False
962,2016,Singapore Grand Prix,15,821,Esteban Gutiérrez,Haas F1 Team,haas,False,1,1,20:06:32,26.519,26519,26.519,False,False,False
962,2016,Singapore Grand Prix,15,821,Esteban Gutiérrez,Haas F1 Team,haas,False,2,18,20:39:52,30.307,30307,30.307,False,False,False
962,2016,Singapore Grand Prix,15,821,Esteban Gutiérrez,Haas F1 Team,haas,False,3,36,21:14:20,30.160,30160,30.16,False,False,False
962,2016,Singapore Grand Prix,15,825,Kevin Magnussen,Renault,renault,False,1,1,20:06:28,25.816,25816,25.816,False,False,False
962,2016,Singapore Grand Prix,15,835,Jolyon Palmer,Renault,renault,False,1,1,20:06:45,25.211,25211,25.211,False,False,False
962,2016,Singapore Grand Prix,15,835,Jolyon Palmer,Renault,renault,False,2,11,20:26:49,28.847,28847,28.847,False,False,False
962,2016,Singapore Grand Prix,15,825,Kevin Magnussen,Renault,renault,False,2,17,20:37:54,28.759,28759,28.759,False,False,False
962,2016,Singapore Grand Prix,15,835,Jolyon Palmer,Renault,renault,False,3,34,21:11:01,28.804,28804,28.804,False,False,False
962,2016,Singapore Grand Prix,15,825,Kevin Magnussen,Renault,renault,False,3,38,21:17:53,29.754,29754,29.754,False,False,False
962,2016,Singapore Grand Prix,15,13,Felipe Massa,Williams,williams,True,1,1,20:06:27,25.929,25929,25.929,False,False,False
962,2016,Singapore Grand Prix,15,822,Valtteri Bottas,Williams,williams,True,1,1,20:06:40,32.709,32709,32.709,False,False,False
962,2016,Singapore Grand Prix,15,822,Valtteri Bottas,Williams,williams,True,2,15,20:34:33,28.780,28780,28.78,False,False,False
962,2016,Singapore Grand Prix,15,13,Felipe Massa,Williams,williams,True,2,16,20:35:53,28.682,28682,28.682,False,False,False
962,2016,Singapore Grand Prix,15,13,Felipe Massa,Williams,williams,True,3,28,20:58:52,29.578,29578,29.578,False,False,False
962,2016,Singapore Grand Prix,15,822,Valtteri Bottas,Williams,williams,True,3,30,21:03:12,28.545,28545,28.545,False,False,False
962,2016,Singapore Grand Prix,15,822,Valtteri Bottas,Williams,williams,True,4,32,21:07:22,1:03.680,63680,63.68,False,True,True
962,2016,Singapore Grand Prix,15,13,Felipe Massa,Williams,williams,True,4,43,21:27:23,29.903,29903,29.903,False,True,True
964,2016,Japanese Grand Prix,17,807,Nico Hülkenberg,Force India,force_india,False,1,11,14:22:12,22.832,22832,22.832,False,False,False
964,2016,Japanese Grand Prix,17,815,Sergio Pérez,Force India,force_india,False,1,12,14:23:45,23.605,23605,23.605,False,False,False
964,2016,Japanese Grand Prix,17,807,Nico Hülkenberg,Force India,force_india,False,2,28,14:50:32,22.952,22952,22.952,False,False,False
964,2016,Japanese Grand Prix,17,815,Sergio Pérez,Force India,force_india,False,2,29,14:52:07,22.721,22721,22.721,False,False,False
964,2016,Japanese Grand Prix,17,154,Romain Grosjean,Haas F1 Team,haas,False,1,10,14:20:36,23.741,23741,23.741,False,False,False
964,2016,Japanese Grand Prix,17,821,Esteban Gutiérrez,Haas F1 Team,haas,False,1,11,14:22:18,24.110,24110,24.11,False,False,False
964,2016,Japanese Grand Prix,17,821,Esteban Gutiérrez,Haas F1 Team,haas,False,2,28,14:51:13,23.792,23792,23.792,False,False,False
964,2016,Japanese Grand Prix,17,154,Romain Grosjean,Haas F1 Team,haas,False,2,30,14:54:06,25.429,25429,25.429,False,False,False
964,2016,Japanese Grand Prix,17,835,Jolyon Palmer,Renault,renault,False,1,25,14:45:55,23.452,23452,23.452,False,False,False
964,2016,Japanese Grand Prix,17,825,Kevin Magnussen,Renault,renault,False,1,25,14:46:04,23.072,23072,23.072,False,False,False
964,2016,Japanese Grand Prix,17,13,Felipe Massa,Williams,williams,True,1,24,14:44:11,22.463,22463,22.463,False,False,False
964,2016,Japanese Grand Prix,17,822,Valtteri Bottas,Williams,williams,True,1,26,14:47:27,25.007,25007,25.007,False,False,False
967,2016,Brazilian Grand Prix,20,807,Nico Hülkenberg,Force India,force_india,False,1,20,14:47:44,33:28.504,2008504,2008.504,True,False,True
967,2016,Brazilian Grand Prix,20,815,Sergio Pérez,Force India,force_india,False,1,20,14:47:46,33:28.398,2008398,2008.398,True,False,True
967,2016,Brazilian Grand Prix,20,807,Nico Hülkenberg,Force India,force_india,False,2,22,15:25:12,24.282,24282,24.282,False,False,False
967,2016,Brazilian Grand Prix,20,815,Sergio Pérez,Force India,force_india,False,2,28,15:37:29,24:42.290,1482290,1482.29,True,False,True
967,2016,Brazilian Grand Prix,20,807,Nico Hülkenberg,Force India,force_india,False,3,28,15:37:50,24:45.304,1485304,1485.304,True,False,True
967,2016,Brazilian Grand Prix,20,821,Esteban Gutiérrez,Haas F1 Team,haas,False,1,12,14:32:18,25.147,25147,25.147,False,False,False
967,2016,Brazilian Grand Prix,20,821,Esteban Gutiérrez,Haas F1 Team,haas,False,2,20,14:48:09,33:31.147,2011147,2011.147,True,False,True
967,2016,Brazilian Grand Prix,20,821,Esteban Gutiérrez,Haas F1 Team,haas,False,3,28,15:37:54,24:44.444,1484444,1484.444,True,False,True
967,2016,Brazilian Grand Prix,20,821,Esteban Gutiérrez,Haas F1 Team,haas,False,4,47,16:32:38,17.835,17835,17.835,False,True,True
967,2016,Brazilian Grand Prix,20,825,Kevin Magnussen,Renault,renault,False,1,7,14:24:31,24.986,24986,24.986,False,False,False
967,2016,Brazilian Grand Prix,20,835,Jolyon Palmer,Renault,renault,False,1,9,14:27:40,24.745,24745,24.745,False,False,False
967,2016,Brazilian Grand Prix,20,835,Jolyon Palmer,Renault,renault,False,2,17,14:41:59,24.656,24656,24.656,False,False,False
967,2016,Brazilian Grand Prix,20,825,Kevin Magnussen,Renault,renault,False,2,20,14:48:00,33:28.979,2008979,2008.979,True,False,True
967,2016,Brazilian Grand Prix,20,825,Kevin Magnussen,Renault,renault,False,3,28,15:37:43,24:44.474,1484474,1484.474,True,False,True
967,2016,Brazilian Grand Prix,20,825,Kevin Magnussen,Renault,renault,False,4,41,16:23:25,24.265,24265,24.265,False,True,True
967,2016,Brazilian Grand Prix,20,822,Valtteri Bottas,Williams,williams,True,1,9,14:27:31,24.724,24724,24.724,False,False,False
967,2016,Brazilian Grand Prix,20,13,Felipe Massa,Williams,williams,True,1,9,14:27:33,29.421,29421,29.421,False,False,False
967,2016,Brazilian Grand Prix,20,822,Valtteri Bottas,Williams,williams,True,2,20,14:47:59,33:28.595,2008595,2008.595,True,False,True
967,2016,Brazilian Grand Prix,20,13,Felipe Massa,Williams,williams,True,2,20,14:48:08,33:29.630,2009630,2009.63,True,False,True
967,2016,Brazilian Grand Prix,20,822,Valtteri Bottas,Williams,williams,True,3,28,15:37:41,24:43.957,1483957,1483.957,True,False,True
967,2016,Brazilian Grand Prix,20,13,Felipe Massa,Williams,williams,True,3,28,15:37:51,24:45.969,1485969,1485.969,True,False,True
967,2016,Brazilian Grand Prix,20,13,Felipe Massa,Williams,williams,True,4,31,16:08:25,29.754,29754,29.754,False,True,True
967,2016,Brazilian Grand Prix,20,822,Valtteri Bottas,Williams,williams,True,4,38,16:18:52,24.994,24994,24.994,False,True,True
973,2017,Spanish Grand Prix,5,839,Esteban Ocon,Force India,force_india,False,1,16,14:26:51,22.616,22616,22.616,False,False,False
973,2017,Spanish Grand Prix,5,815,Sergio Pérez,Force India,force_india,False,1,18,14:29:42,25.082,25082,25.082,False,False,False
973,2017,Spanish Grand Prix,5,815,Sergio Pérez,Force India,force_india,False,2,34,14:53:46,23.107,23107,23.107,False,False,False
973,2017,Spanish Grand Prix,5,839,Esteban Ocon,Force India,force_india,False,2,34,14:53:58,22.643,22643,22.643,False,False,False
973,2017,Spanish Grand Prix,5,825,Kevin Magnussen,Haas F1 Team,haas,False,1,13,14:22:35,22.703,22703,22.703,False,False,False
973,2017,Spanish Grand Prix,5,154,Romain Grosjean,Haas F1 Team,haas,False,1,19,14:31:26,22.866,22866,22.866,False,False,False
973,2017,Spanish Grand Prix,5,825,Kevin Magnussen,Haas F1 Team,haas,False,2,33,14:52:15,23.814,23814,23.814,False,False,False
973,2017,Spanish Grand Prix,5,154,Romain Grosjean,Haas F1 Team,haas,False,2,34,14:54:22,22.641,22641,22.641,False,False,False
973,2017,Spanish Grand Prix,5,825,Kevin Magnussen,Haas F1 Team,haas,False,3,63,15:37:43,25.052,25052,25.052,False,False,False
973,2017,Spanish Grand Prix,5,835,Jolyon Palmer,Renault,renault,False,1,2,14:06:27,23.159,23159,23.159,False,False,False
973,2017,Spanish Grand Prix,5,807,Nico Hülkenberg,Renault,renault,False,1,15,14:25:28,22.490,22490,22.49,False,False,False
973,2017,Spanish Grand Prix,5,835,Jolyon Palmer,Renault,renault,False,2,21,14:35:11,22.762,22762,22.762,False,False,False
973,2017,Spanish Grand Prix,5,807,Nico Hülkenberg,Renault,renault,False,2,33,14:52:15,22.362,22362,22.362,False,False,False
973,2017,Spanish Grand Prix,5,835,Jolyon Palmer,Renault,renault,False,3,42,15:07:31,24.750,24750,24.75,False,False,False
973,2017,Spanish Grand Prix,5,13,Felipe Massa,Williams,williams,True,1,1,14:05:02,40.612,40612,40.612,False,False,False
973,2017,Spanish Grand Prix,5,840,Lance Stroll,Williams,williams,True,1,12,14:21:16,22.100,22100,22.1,False,False,False
973,2017,Spanish Grand Prix,5,13,Felipe Massa,Williams,williams,True,2,13,14:23:17,22.292,22292,22.292,False,False,False
973,2017,Spanish Grand Prix,5,840,Lance Stroll,Williams,williams,True,2,33,14:52:52,22.071,22071,22.071,False,False,False
973,2017,Spanish Grand Prix,5,13,Felipe Massa,Williams,williams,True,3,33,14:53:10,23.066,23066,23.066,False,False,False
974,2017,Monaco Grand Prix,6,815,Sergio Pérez,Force India,force_india,False,1,16,14:23:49,31.313,31313,31.313,False,False,False
974,2017,Monaco Grand Prix,6,839,Esteban Ocon,Force India,force_india,False,1,36,14:50:06,24.299,24299,24.299,False,False,False
974,2017,Monaco Grand Prix,6,839,Esteban Ocon,Force India,force_india,False,2,39,14:54:19,24.496,24496,24.496,False,False,False
974,2017,Monaco Grand Prix,6,815,Sergio Pérez,Force India,force_india,False,2,63,15:26:16,25.026,25026,25.026,False,False,False
974,2017,Monaco Grand Prix,6,839,Esteban Ocon,Force India,force_india,False,3,60,15:22:40,24.642,24642,24.642,False,False,False
974,2017,Monaco Grand Prix,6,815,Sergio Pérez,Force India,force_india,False,3,72,15:40:06,35.485,35485,35.485,False,False,False
974,2017,Monaco Grand Prix,6,825,Kevin Magnussen,Haas F1 Team,haas,False,1,37,14:51:04,24.979,24979,24.979,False,False,False
974,2017,Monaco Grand Prix,6,154,Romain Grosjean,Haas F1 Team,haas,False,1,40,14:54:55,24.660,24660,24.66,False,False,False
974,2017,Monaco Grand Prix,6,825,Kevin Magnussen,Haas F1 Team,haas,False,2,42,14:57:54,26.040,26040,26.04,False,False,False
974,2017,Monaco Grand Prix,6,835,Jolyon Palmer,Renault,renault,False,1,42,14:58:05,25.472,25472,25.472,False,False,False
974,2017,Monaco Grand Prix,6,13,Felipe Massa,Williams,williams,True,1,38,14:52:42,24.353,24353,24.353,False,False,False
974,2017,Monaco Grand Prix,6,840,Lance Stroll,Williams,williams,True,1,41,14:56:46,26.690,26690,26.69,False,False,False
974,2017,Monaco Grand Prix,6,13,Felipe Massa,Williams,williams,True,2,62,15:24:59,25.123,25123,25.123,False,False,False
974,2017,Monaco Grand Prix,6,840,Lance Stroll,Williams,williams,True,2,67,15:33:42,25.248,25248,25.248,False,False,False
977,2017,Austrian Grand Prix,9,815,Sergio Pérez,Force India,force_india,False,1,35,14:44:03,22.030,22030,22.03,False,False,False
977,2017,Austrian Grand Prix,9,839,Esteban Ocon,Force India,force_india,False,1,42,14:52:17,22.176,22176,22.176,False,False,False
977,2017,Austrian Grand Prix,9,154,Romain Grosjean,Haas F1 Team,haas,False,1,36,14:45:10,22.026,22026,22.026,False,False,False
977,2017,Austrian Grand Prix,9,807,Nico Hülkenberg,Renault,renault,False,1,14,14:19:44,21.977,21977,21.977,False,False,False
977,2017,Austrian Grand Prix,9,835,Jolyon Palmer,Renault,renault,False,1,34,14:43:13,22.233,22233,22.233,False,False,False
977,2017,Austrian Grand Prix,9,840,Lance Stroll,Williams,williams,True,1,35,14:44:21,21.332,21332,21.332,False,False,False
977,2017,Austrian Grand Prix,9,13,Felipe Massa,Williams,williams,True,1,47,14:58:07,20.977,20977,20.977,False,False,False
978,2017,British Grand Prix,10,839,Esteban Ocon,Force India,force_india,False,1,20,13:40:15,29.194,29194,29.194,False,False,False
978,2017,British Grand Prix,10,815,Sergio Pérez,Force India,force_india,False,1,23,13:45:01,28.942,28942,28.942,False,False,False
978,2017,British Grand Prix,10,154,Romain Grosjean,Haas F1 Team,haas,False,1,23,13:45:11,28.361,28361,28.361,False,False,False
978,2017,British Grand Prix,10,825,Kevin Magnussen,Haas F1 Team,haas,False,1,37,14:07:18,28.099,28099,28.099,False,False,False
978,2017,British Grand Prix,10,154,Romain Grosjean,Haas F1 Team,haas,False,2,43,14:16:53,28.998,28998,28.998,False,False,False
978,2017,British Grand Prix,10,807,Nico Hülkenberg,Renault,renault,False,1,24,13:46:27,30.841,30841,30.841,False,False,False
978,2017,British Grand Prix,10,840,Lance Stroll,Williams,williams,True,1,22,13:43:38,29.849,29849,29.849,False,False,False
978,2017,British Grand Prix,10,13,Felipe Massa,Williams,williams,True,1,25,13:48:18,27.583,27583,27.583,False,False,False
978,2017,British Grand Prix,10,840,Lance Stroll,Williams,williams,True,2,42,14:15:32,28.335,28335,28.335,False,False,False
979,2017,Hungarian Grand Prix,11,815,Sergio Pérez,Force India,force_india,False,1,34,14:54:12,24.017,24017,24.017,False,False,False
979,2017,Hungarian Grand Prix,11,839,Esteban Ocon,Force India,force_india,False,1,35,14:55:44,22.441,22441,22.441,False,False,False
979,2017,Hungarian Grand Prix,11,154,Romain Grosjean,Haas F1 Team,haas,False,1,20,14:35:03,22.638,22638,22.638,False,False,False
979,2017,Hungarian Grand Prix,11,825,Kevin Magnussen,Haas F1 Team,haas,False,1,31,14:50:24,22.684,22684,22.684,False,False,False
979,2017,Hungarian Grand Prix,11,807,Nico Hülkenberg,Renault,renault,False,1,45,15:09:34,31.860,31860,31.86,False,False,False
979,2017,Hungarian Grand Prix,11,835,Jolyon Palmer,Renault,renault,False,1,46,15:11:22,22.684,22684,22.684,False,False,False
979,2017,Hungarian Grand Prix,11,840,Lance Stroll,Williams,williams,True,1,29,14:47:41,21.804,21804,21.804,False,False,False
979,2017,Hungarian Grand Prix,11,814,Paul di Resta,Williams,williams,True,1,34,14:55:06,22.399,22399,22.399,False,False,False
980,2017,Belgian Grand Prix,12,839,Esteban Ocon,Force India,force_india,False,1,10,14:22:35,23.364,23364,23.364,False,False,False
980,2017,Belgian Grand Prix,12,815,Sergio Pérez,Force India,force_india,False,1,12,14:26:21,23.289,23289,23.289,False,False,False
980,2017,Belgian Grand Prix,12,815,Sergio Pérez,Force India,force_india,False,2,25,14:50:45,28.594,28594,28.594,False,False,False
980,2017,Belgian Grand Prix,12,839,Esteban Ocon,Force India,force_india,False,2,27,14:54:26,23.200,23200,23.2,False,False,False
980,2017,Belgian Grand Prix,12,839,Esteban Ocon,Force India,force_india,False,3,29,14:58:44,29.646,29646,29.646,False,False,False
980,2017,Belgian Grand Prix,12,815,Sergio Pérez,Force India,force_india,False,3,29,14:59:10,26.574,26574,26.574,False,False,False
980,2017,Belgian Grand Prix,12,825,Kevin Magnussen,Haas F1 Team,haas,False,1,9,14:20:51,22.828,22828,22.828,False,False,False
980,2017,Belgian Grand Prix,12,154,Romain Grosjean,Haas F1 Team,haas,False,1,10,14:22:38,22.925,22925,22.925,False,False,False
980,2017,Belgian Grand Prix,12,154,Romain Grosjean,Haas F1 Team,haas,False,2,29,14:58:27,22.756,22756,22.756,False,False,False
980,2017,Belgian Grand Prix,12,825,Kevin Magnussen,Haas F1 Team,haas,False,2,30,15:01:09,22.908,22908,22.908,False,False,False
980,2017,Belgian Grand Prix,12,825,Kevin Magnussen,Haas F1 Team,haas,False,3,34,15:10:50,23.737,23737,23.737,False,False,False
980,2017,Belgian Grand Prix,12,835,Jolyon Palmer,Renault,renault,False,1,8,14:19:01,26.202,26202,26.202,False,False,False
980,2017,Belgian Grand Prix,12,807,Nico Hülkenberg,Renault,renault,False,1,11,14:24:21,23.507,23507,23.507,False,False,False
980,2017,Belgian Grand Prix,12,807,Nico Hülkenberg,Renault,renault,False,2,29,14:58:06,23.539,23539,23.539,False,False,False
980,2017,Belgian Grand Prix,12,835,Jolyon Palmer,Renault,renault,False,2,30,15:01:36,24.674,24674,24.674,False,False,False
980,2017,Belgian Grand Prix,12,840,Lance Stroll,Williams,williams,True,1,9,14:20:55,24.697,24697,24.697,False,False,False
980,2017,Belgian Grand Prix,12,13,Felipe Massa,Williams,williams,True,1,11,14:24:38,22.667,22667,22.667,False,False,False
980,2017,Belgian Grand Prix,12,13,Felipe Massa,Williams,williams,True,2,29,14:58:40,23.092,23092,23.092,False,False,False
980,2017,Belgian Grand Prix,12,840,Lance Stroll,Williams,williams,True,2,29,14:59:01,23.109,23109,23.109,False,False,False
981,2017,Italian Grand Prix,13,839,Esteban Ocon,Force India,force_india,False,1,16,14:26:42,24.432,24432,24.432,False,False,False
981,2017,Italian Grand Prix,13,815,Sergio Pérez,Force India,force_india,False,1,32,14:49:55,25.377,25377,25.377,False,False,False
981,2017,Italian Grand Prix,13,154,Romain Grosjean,Haas F1 Team,haas,False,1,3,14:08:10,33.433,33433,33.433,False,False,False
981,2017,Italian Grand Prix,13,825,Kevin Magnussen,Haas F1 Team,haas,False,1,11,14:19:43,24.384,24384,24.384,False,False,False
981,2017,Italian Grand Prix,13,154,Romain Grosjean,Haas F1 Team,haas,False,2,34,14:53:53,24.307,24307,24.307,False,False,False
981,2017,Italian Grand Prix,13,807,Nico Hülkenberg,Renault,renault,False,1,9,14:16:50,24.418,24418,24.418,False,False,False
981,2017,Italian Grand Prix,13,835,Jolyon Palmer,Renault,renault,False,1,25,14:40:16,31.008,31008,31.008,False,False,False
981,2017,Italian Grand Prix,13,840,Lance Stroll,Williams,williams,True,1,17,14:28:09,26.131,26131,26.131,False,False,False
981,2017,Italian Grand Prix,13,13,Felipe Massa,Williams,williams,True,1,21,14:33:59,25.078,25078,25.078,False,False,False
982,2017,Singapore Grand Prix,14,815,Sergio Pérez,Force India,force_india,False,1,1,20:06:31,30.709,30709,30.709,False,False,False
982,2017,Singapore Grand Prix,14,839,Esteban Ocon,Force India,force_india,False,1,1,20:06:36,31.793,31793,31.793,False,False,False
982,2017,Singapore Grand Prix,14,815,Sergio Pérez,Force India,force_india,False,2,2,20:09:53,25.315,25315,25.315,False,False,False
982,2017,Singapore Grand Prix,14,839,Esteban Ocon,Force India,force_india,False,2,2,20:09:59,26.532,26532,26.532,False,False,False
982,2017,Singapore Grand Prix,14,815,Sergio Pérez,Force India,force_india,False,3,3,20:13:04,25.288,25288,25.288,False,False,False
982,2017,Singapore Grand Prix,14,839,Esteban Ocon,Force India,force_india,False,3,3,20:13:09,24.664,24664,24.664,False,False,False
982,2017,Singapore Grand Prix,14,815,Sergio Pérez,Force India,force_india,False,4,11,20:31:20,30.128,30128,30.128,False,True,True
982,2017,Singapore Grand Prix,14,839,Esteban Ocon,Force India,force_india,False,4,11,20:31:38,31.336,31336,31.336,False,True,True
982,2017,Singapore Grand Prix,14,839,Esteban Ocon,Force India,force_india,False,5,27,21:07:19,29.173,29173,29.173,False,True,True
982,2017,Singapore Grand Prix,14,815,Sergio Pérez,Force India,force_india,False,5,28,21:08:49,29.186,29186,29.186,False,True,True
982,2017,Singapore Grand Prix,14,839,Esteban Ocon,Force India,force_india,False,6,38,21:29:07,29.134,29134,29.134,False,True,True
982,2017,Singapore Grand Prix,14,825,Kevin Magnussen,Haas F1 Team,haas,False,1,1,20:06:39,32.701,32701,32.701,False,False,False
982,2017,Singapore Grand Prix,14,154,Romain Grosjean,Haas F1 Team,haas,False,1,1,20:06:45,39.455,39455,39.455,False,False,False
982,2017,Singapore Grand Prix,14,825,Kevin Magnussen,Haas F1 Team,haas,False,2,2,20:10:02,26.903,26903,26.903,False,False,False
982,2017,Singapore Grand Prix,14,154,Romain Grosjean,Haas F1 Team,haas,False,2,2,20:10:10,31.320,31320,31.32,False,False,False
982,2017,Singapore Grand Prix,14,825,Kevin Magnussen,Haas F1 Team,haas,False,3,3,20:13:11,25.509,25509,25.509,False,False,False
982,2017,Singapore Grand Prix,14,154,Romain Grosjean,Haas F1 Team,haas,False,3,3,20:13:19,26.228,26228,26.228,False,False,False
982,2017,Singapore Grand Prix,14,825,Kevin Magnussen,Haas F1 Team,haas,False,4,11,20:31:52,30.132,30132,30.132,False,True,True
982,2017,Singapore Grand Prix,14,154,Romain Grosjean,Haas F1 Team,haas,False,4,27,21:07:18,29.049,29049,29.049,False,True,True
982,2017,Singapore Grand Prix,14,825,Kevin Magnussen,Haas F1 Team,haas,False,5,24,21:01:10,30.504,30504,30.504,False,True,True
982,2017,Singapore Grand Prix,14,825,Kevin Magnussen,Haas F1 Team,haas,False,6,38,21:29:17,29.379,29379,29.379,False,True,True
982,2017,Singapore Grand Prix,14,807,Nico Hülkenberg,Renault,renault,False,1,1,20:06:30,31.032,31032,31.032,False,False,False
982,2017,Singapore Grand Prix,14,835,Jolyon Palmer,Renault,renault,False,1,1,20:06:33,30.785,30785,30.785,False,False,False
982,2017,Singapore Grand Prix,14,807,Nico Hülkenberg,Renault,renault,False,2,2,20:09:52,25.093,25093,25.093,False,False,False
982,2017,Singapore Grand Prix,14,835,Jolyon Palmer,Renault,renault,False,2,2,20:09:56,26.206,26206,26.206,False,False,False
982,2017,Singapore Grand Prix,14,807,Nico Hülkenberg,Renault,renault,False,3,3,20:13:03,24.964,24964,24.964,False,False,False
982,2017,Singapore Grand Prix,14,835,Jolyon Palmer,Renault,renault,False,3,3,20:13:07,25.113,25113,25.113,False,False,False
982,2017,Singapore Grand Prix,14,807,Nico Hülkenberg,Renault,renault,False,4,12,20:33:56,30.725,30725,30.725,False,True,True
982,2017,Singapore Grand Prix,14,835,Jolyon Palmer,Renault,renault,False,4,12,20:34:10,30.015,30015,30.015,False,True,True
982,2017,Singapore Grand Prix,14,807,Nico Hülkenberg,Renault,renault,False,5,28,21:08:46,30.005,30005,30.005,False,True,True
982,2017,Singapore Grand Prix,14,835,Jolyon Palmer,Renault,renault,False,5,29,21:10:52,30.038,30038,30.038,False,True,True
982,2017,Singapore Grand Prix,14,807,Nico Hülkenberg,Renault,renault,False,6,38,21:28:16,1:08.357,68357,68.357,False,True,True
982,2017,Singapore Grand Prix,14,840,Lance Stroll,Williams,williams,True,1,1,20:06:43,37.403,37403,37.403,False,False,False
982,2017,Singapore Grand Prix,14,13,Felipe Massa,Williams,williams,True,1,1,20:06:44,38.464,38464,38.464,False,False,False
982,2017,Singapore Grand Prix,14,840,Lance Stroll,Williams,williams,True,2,2,20:10:07,29.294,29294,29.294,False,False,False
982,2017,Singapore Grand Prix,14,13,Felipe Massa,Williams,williams,True,2,2,20:10:08,30.790,30790,30.79,False,False,False
982,2017,Singapore Grand Prix,14,840,Lance Stroll,Williams,williams,True,3,3,20:13:16,25.584,25584,25.584,False,False,False
982,2017,Singapore Grand Prix,14,13,Felipe Massa,Williams,williams,True,3,3,20:13:17,25.731,25731,25.731,False,False,False
982,2017,Singapore Grand Prix,14,13,Felipe Massa,Williams,williams,True,4,17,20:46:40,29.685,29685,29.685,False,True,True
982,2017,Singapore Grand Prix,14,840,Lance Stroll,Williams,williams,True,4,26,21:05:07,29.412,29412,29.412,False,True,True
982,2017,Singapore Grand Prix,14,13,Felipe Massa,Williams,williams,True,5,24,21:01:38,30.048,30048,30.048,False,True,True
982,2017,Singapore Grand Prix,14,13,Felipe Massa,Williams,williams,True,6,37,21:27:05,29.671,29671,29.671,False,True,True
984,2017,Japanese Grand Prix,16,839,Esteban Ocon,Force India,force_india,False,1,20,14:37:56,24.078,24078,24.078,False,False,False
984,2017,Japanese Grand Prix,16,815,Sergio Pérez,Force India,force_india,False,1,21,14:39:37,23.634,23634,23.634,False,False,False
984,2017,Japanese Grand Prix,16,825,Kevin Magnussen,Haas F1 Team,haas,False,1,19,14:36:33,23.065,23065,23.065,False,False,False
984,2017,Japanese Grand Prix,16,154,Romain Grosjean,Haas F1 Team,haas,False,1,23,14:43:03,22.781,22781,22.781,False,False,False
984,2017,Japanese Grand Prix,16,807,Nico Hülkenberg,Renault,renault,False,1,38,15:07:08,23.199,23199,23.199,False,False,False
984,2017,Japanese Grand Prix,16,835,Jolyon Palmer,Renault,renault,False,1,39,15:09:02,25.618,25618,25.618,False,False,False
984,2017,Japanese Grand Prix,16,840,Lance Stroll,Williams,williams,True,1,4,14:11:34,23.475,23475,23.475,False,False,False
984,2017,Japanese Grand Prix,16,13,Felipe Massa,Williams,williams,True,1,17,14:33:15,22.956,22956,22.956,False,False,False
984,2017,Japanese Grand Prix,16,840,Lance Stroll,Williams,williams,True,2,35,15:02:52,22.736,22736,22.736,False,False,False
987,2017,Brazilian Grand Prix,19,815,Sergio Pérez,Force India,force_india,False,1,1,14:04:51,18.417,18417,18.417,False,False,False
987,2017,Brazilian Grand Prix,19,815,Sergio Pérez,Force India,force_india,False,2,2,14:07:10,17.959,17959,17.959,False,False,False
987,2017,Brazilian Grand Prix,19,815,Sergio Pérez,Force India,force_india,False,3,3,14:09:21,17.822,17822,17.822,False,False,False
987,2017,Brazilian Grand Prix,19,815,Sergio Pérez,Force India,force_india,False,4,35,14:50:51,23.275,23275,23.275,False,True,True
987,2017,Brazilian Grand Prix,19,154,Romain Grosjean,Haas F1 Team,haas,False,1,1,14:05:02,25.845,25845,25.845,False,False,False
987,2017,Brazilian Grand Prix,19,154,Romain Grosjean,Haas F1 Team,haas,False,2,2,14:07:22,18.860,18860,18.86,False,False,False
987,2017,Brazilian Grand Prix,19,154,Romain Grosjean,Haas F1 Team,haas,False,3,3,14:09:34,18.456,18456,18.456,False,False,False
987,2017,Brazilian Grand Prix,19,154,Romain Grosjean,Haas F1 Team,haas,False,4,48,15:08:02,34.438,34438,34.438,False,True,True
987,2017,Brazilian Grand Prix,19,807,Nico Hülkenberg,Renault,renault,False,1,1,14:04:52,18.927,18927,18.927,False,False,False
987,2017,Brazilian Grand Prix,19,832,Carlos Sainz,Renault,renault,False,1,1,14:04:54,19.208,19208,19.208,False,False,False
987,2017,Brazilian Grand Prix,19,807,Nico Hülkenberg,Renault,renault,False,2,2,14:07:11,18.549,18549,18.549,False,False,False
987,2017,Brazilian Grand Prix,19,832,Carlos Sainz,Renault,renault,False,2,2,14:07:13,18.604,18604,18.604,False,False,False
987,2017,Brazilian Grand Prix,19,807,Nico Hülkenberg,Renault,renault,False,3,3,14:09:23,18.052,18052,18.052,False,False,False
987,2017,Brazilian Grand Prix,19,832,Carlos Sainz,Renault,renault,False,3,3,14:09:25,18.347,18347,18.347,False,False,False
987,2017,Brazilian Grand Prix,19,807,Nico Hülkenberg,Renault,renault,False,4,30,14:44:43,24.054,24054,24.054,False,True,True
987,2017,Brazilian Grand Prix,19,832,Carlos Sainz,Renault,renault,False,4,31,14:46:03,23.550,23550,23.55,False,True,True
987,2017,Brazilian Grand Prix,19,13,Felipe Massa,Williams,williams,True,1,1,14:04:50,18.238,18238,18.238,False,False,False
987,2017,Brazilian Grand Prix,19,840,Lance Stroll,Williams,williams,True,1,1,14:05:00,20.146,20146,20.146,False,False,False
987,2017,Brazilian Grand Prix,19,13,Felipe Massa,Williams,williams,True,2,2,14:07:09,17.736,17736,17.736,False,False,False
987,2017,Brazilian Grand Prix,19,840,Lance Stroll,Williams,williams,True,2,2,14:07:18,19.270,19270,19.27,False,False,False
987,2017,Brazilian Grand Prix,19,13,Felipe Massa,Williams,williams,True,3,3,14:09:20,17.745,17745,17.745,False,False,False
987,2017,Brazilian Grand Prix,19,840,Lance Stroll,Williams,williams,True,3,3,14:09:31,17.925,17925,17.925,False,False,False
987,2017,Brazilian Grand Prix,19,13,Felipe Massa,Williams,williams,True,4,27,14:40:48,23.275,23275,23.275,False,True,True
987,2017,Brazilian Grand Prix,19,840,Lance Stroll,Williams,williams,True,4,28,14:42:27,22.486,22486,22.486,False,True,True
987,2017,Brazilian Grand Prix,19,840,Lance Stroll,Williams,williams,True,5,67,15:32:18,24.756,24756,24.756,False,True,True
993,2018,Spanish Grand Prix,5,815,Sergio Pérez,Force India,force_india,False,1,26,15:54:45,22.438,22438,22.438,False,False,False
993,2018,Spanish Grand Prix,5,839,Esteban Ocon,Force India,force_india,False,1,29,15:58:45,47.910,47910,47.91,False,False,False
993,2018,Spanish Grand Prix,5,815,Sergio Pérez,Force India,force_india,False,2,40,16:14:56,22.242,22242,22.242,False,False,False
993,2018,Spanish Grand Prix,5,825,Kevin Magnussen,Haas F1 Team,haas,False,1,32,16:02:35,22.917,22917,22.917,False,False,False
993,2018,Spanish Grand Prix,5,832,Carlos Sainz,Renault,renault,False,1,25,15:53:03,22.409,22409,22.409,False,False,False
993,2018,Spanish Grand Prix,5,845,Sergey Sirotkin,Williams,williams,True,1,1,15:15:23,22.049,22049,22.049,False,False,False
993,2018,Spanish Grand Prix,5,840,Lance Stroll,Williams,williams,True,1,20,15:46:18,21.351,21351,21.351,False,False,False
993,2018,Spanish Grand Prix,5,845,Sergey Sirotkin,Williams,williams,True,2,24,15:52:02,22.034,22034,22.034,False,False,False
993,2018,Spanish Grand Prix,5,845,Sergey Sirotkin,Williams,williams,True,3,41,16:17:36,23.865,23865,23.865,False,False,False
994,2018,Monaco Grand Prix,6,815,Sergio Pérez,Force India,force_india,False,1,21,15:40:40,29.379,29379,29.379,False,False,False
994,2018,Monaco Grand Prix,6,839,Esteban Ocon,Force India,force_india,False,1,23,15:43:06,24.663,24663,24.663,False,False,False
994,2018,Monaco Grand Prix,6,154,Romain Grosjean,Haas F1 Team,haas,False,1,15,15:33:04,24.741,24741,24.741,False,False,False
994,2018,Monaco Grand Prix,6,825,Kevin Magnussen,Haas F1 Team,haas,False,1,17,15:35:35,24.237,24237,24.237,False,False,False
994,2018,Monaco Grand Prix,6,154,Romain Grosjean,Haas F1 Team,haas,False,2,68,16:43:24,24.568,24568,24.568,False,False,False
994,2018,Monaco Grand Prix,6,832,Carlos Sainz,Renault,renault,False,1,16,15:34:04,24.874,24874,24.874,False,False,False
994,2018,Monaco Grand Prix,6,807,Nico Hülkenberg,Renault,renault,False,1,50,16:18:53,25.213,25213,25.213,False,False,False
994,2018,Monaco Grand Prix,6,845,Sergey Sirotkin,Williams,williams,True,1,7,15:22:13,31.810,31810,31.81,False,False,False
994,2018,Monaco Grand Prix,6,840,Lance Stroll,Williams,williams,True,1,9,15:25:39,33.887,33887,33.887,False,False,False
994,2018,Monaco Grand Prix,6,845,Sergey Sirotkin,Williams,williams,True,2,19,15:38:41,25.170,25170,25.17,False,False,False
994,2018,Monaco Grand Prix,6,840,Lance Stroll,Williams,williams,True,2,34,15:59:55,31.104,31104,31.104,False,False,False
994,2018,Monaco Grand Prix,6,845,Sergey Sirotkin,Williams,williams,True,3,49,16:18:49,25.563,25563,25.563,False,False,False
994,2018,Monaco Grand Prix,6,840,Lance Stroll,Williams,williams,True,3,59,16:33:18,24.852,24852,24.852,False,False,False
997,2018,Austrian Grand Prix,9,839,Esteban Ocon,Force India,force_india,False,1,15,15:30:54,22.527,22527,22.527,False,False,False
997,2018,Austrian Grand Prix,9,815,Sergio Pérez,Force India,force_india,False,1,27,15:45:05,22.863,22863,22.863,False,False,False
997,2018,Austrian Grand Prix,9,154,Romain Grosjean,Haas F1 Team,haas,False,1,15,15:30:46,22.121,22121,22.121,False,False,False
997,2018,Austrian Grand Prix,9,825,Kevin Magnussen,Haas F1 Team,haas,False,1,28,15:46:11,22.138,22138,22.138,False,False,False
997,2018,Austrian Grand Prix,9,832,Carlos Sainz,Renault,renault,False,1,15,15:30:57,23.257,23257,23.257,False,False,False
997,2018,Austrian Grand Prix,9,832,Carlos Sainz,Renault,renault,False,2,34,15:53:34,26.335,26335,26.335,False,False,False
997,2018,Austrian Grand Prix,9,840,Lance Stroll,Williams,williams,True,1,15,15:31:03,22.181,22181,22.181,False,False,False
997,2018,Austrian Grand Prix,9,845,Sergey Sirotkin,Williams,williams,True,1,24,15:41:54,23.048,23048,23.048,False,False,False
997,2018,Austrian Grand Prix,9,845,Sergey Sirotkin,Williams,williams,True,2,60,16:24:25,24.884,24884,24.884,False,False,False
997,2018,Austrian Grand Prix,9,840,Lance Stroll,Williams,williams,True,2,65,16:30:07,22.299,22299,22.299,False,False,False
998,2018,British Grand Prix,10,815,Sergio Pérez,Force India,force_india,False,1,13,14:34:17,28.651,28651,28.651,False,False,False
998,2018,British Grand Prix,10,839,Esteban Ocon,Force India,force_india,False,1,19,14:43:35,29.410,29410,29.41,False,False,False
998,2018,British Grand Prix,10,815,Sergio Pérez,Force India,force_india,False,2,32,15:04:53,28.836,28836,28.836,False,False,False
998,2018,British Grand Prix,10,825,Kevin Magnussen,Haas F1 Team,haas,False,1,25,14:53:08,28.450,28450,28.45,False,False,False
998,2018,British Grand Prix,10,154,Romain Grosjean,Haas F1 Team,haas,False,1,26,14:54:52,29.254,29254,29.254,False,False,False
998,2018,British Grand Prix,10,832,Carlos Sainz,Renault,renault,False,1,17,14:40:28,29.074,29074,29.074,False,False,False
998,2018,British Grand Prix,10,807,Nico Hülkenberg,Renault,renault,False,1,20,14:45:06,28.719,28719,28.719,False,False,False
998,2018,British Grand Prix,10,832,Carlos Sainz,Renault,renault,False,2,32,15:04:46,28.078,28078,28.078,False,False,False
998,2018,British Grand Prix,10,845,Sergey Sirotkin,Williams,williams,True,1,21,14:47:19,28.224,28224,28.224,False,False,False
998,2018,British Grand Prix,10,840,Lance Stroll,Williams,williams,True,1,30,15:01:51,27.774,27774,27.774,False,False,False
1000,2018,Hungarian Grand Prix,12,815,Sergio Pérez,Force India,force_india,False,1,22,15:44:52,22.561,22561,22.561,False,False,False
1000,2018,Hungarian Grand Prix,12,839,Esteban Ocon,Force India,force_india,False,1,39,16:08:53,22.258,22258,22.258,False,False,False
1000,2018,Hungarian Grand Prix,12,154,Romain Grosjean,Haas F1 Team,haas,False,1,29,15:54:26,21.733,21733,21.733,False,False,False
1000,2018,Hungarian Grand Prix,12,825,Kevin Magnussen,Haas F1 Team,haas,False,1,31,15:57:05,25.126,25126,25.126,False,False,False
1000,2018,Hungarian Grand Prix,12,807,Nico Hülkenberg,Renault,renault,False,1,23,15:46:04,21.966,21966,21.966,False,False,False
1000,2018,Hungarian Grand Prix,12,832,Carlos Sainz,Renault,renault,False,1,25,15:48:47,21.914,21914,21.914,False,False,False
1000,2018,Hungarian Grand Prix,12,807,Nico Hülkenberg,Renault,renault,False,2,50,16:24:45,22.650,22650,22.65,False,False,False
1000,2018,Hungarian Grand Prix,12,845,Sergey Sirotkin,Williams,williams,True,1,31,15:57:50,21.509,21509,21.509,False,False,False
1000,2018,Hungarian Grand Prix,12,840,Lance Stroll,Williams,williams,True,1,47,16:20:54,21.291,21291,21.291,False,False,False
1001,2018,Belgian Grand Prix,13,815,Sergio Pérez,Force India,force_india,False,1,1,15:16:02,19.667,19667,19.667,False,False,False
1001,2018,Belgian Grand Prix,13,839,Esteban Ocon,Force India,force_india,False,1,1,15:16:03,19.582,19582,19.582,False,False,False
1001,2018,Belgian Grand Prix,13,839,Esteban Ocon,Force India,force_india,False,2,24,16:01:54,23.225,23225,23.225,False,False,False
1001,2018,Belgian Grand Prix,13,815,Sergio Pérez,Force India,force_india,False,2,25,16:03:39,23.157,23157,23.157,False,False,False
1001,2018,Belgian Grand Prix,13,154,Romain Grosjean,Haas F1 Team,haas,False,1,1,15:16:05,20.280,20280,20.28,False,False,False
1001,2018,Belgian Grand Prix,13,825,Kevin Magnussen,Haas F1 Team,haas,False,1,1,15:16:07,20.021,20021,20.021,False,False,False
1001,2018,Belgian Grand Prix,13,154,Romain Grosjean,Haas F1 Team,haas,False,2,23,16:00:10,23.248,23248,23.248,False,False,False
1001,2018,Belgian Grand Prix,13,825,Kevin Magnussen,Haas F1 Team,haas,False,2,26,16:05:49,24.304,24304,24.304,False,False,False
1001,2018,Belgian Grand Prix,13,832,Carlos Sainz,Renault,renault,False,1,1,15:16:18,18.509,18509,18.509,False,False,False
1001,2018,Belgian Grand Prix,13,832,Carlos Sainz,Renault,renault,False,2,22,15:58:45,23.857,23857,23.857,False,False,False
1001,2018,Belgian Grand Prix,13,845,Sergey Sirotkin,Williams,williams,True,1,1,15:16:12,19.791,19791,19.791,False,False,False
1001,2018,Belgian Grand Prix,13,840,Lance Stroll,Williams,williams,True,1,1,15:16:13,19.732,19732,19.732,False,False,False
1001,2018,Belgian Grand Prix,13,840,Lance Stroll,Williams,williams,True,2,23,16:00:34,22.901,22901,22.901,False,False,False
1001,2018,Belgian Grand Prix,13,845,Sergey Sirotkin,Williams,williams,True,2,24,16:02:22,22.339,22339,22.339,False,False,False
1002,2018,Italian Grand Prix,14,839,Esteban Ocon,Force India,force_india,False,1,38,16:09:51,24.827,24827,24.827,False,False,False
1002,2018,Italian Grand Prix,14,815,Sergio Pérez,Force India,force_india,False,1,39,16:11:20,25.655,25655,25.655,False,False,False
1002,2018,Italian Grand Prix,14,825,Kevin Magnussen,Haas F1 Team,haas,False,1,4,15:21:22,38.563,38563,38.563,False,False,False
1002,2018,Italian Grand Prix,14,154,Romain Grosjean,Haas F1 Team,haas,False,1,23,15:48:27,24.779,24779,24.779,False,False,False
1002,2018,Italian Grand Prix,14,807,Nico Hülkenberg,Renault,renault,False,1,1,15:15:34,25.234,25234,25.234,False,False,False
1002,2018,Italian Grand Prix,14,832,Carlos Sainz,Renault,renault,False,1,39,16:11:32,25.774,25774,25.774,False,False,False
1002,2018,Italian Grand Prix,14,807,Nico Hülkenberg,Renault,renault,False,2,41,16:14:52,24.456,24456,24.456,False,False,False
1002,2018,Italian Grand Prix,14,840,Lance Stroll,Williams,williams,True,1,35,16:05:54,26.440,26440,26.44,False,False,False
1002,2018,Italian Grand Prix,14,845,Sergey Sirotkin,Williams,williams,True,1,37,16:08:49,25.245,25245,25.245,False,False,False
1003,2018,Singapore Grand Prix,15,815,Sergio Pérez,Force India,force_india,False,1,17,20:47:51,29.978,29978,29.978,False,False,False
1003,2018,Singapore Grand Prix,15,815,Sergio Pérez,Force India,force_india,False,2,33,21:17:29,30.561,30561,30.561,False,False,False
1003,2018,Singapore Grand Prix,15,815,Sergio Pérez,Force India,force_india,False,3,39,21:28:41,24.340,24340,24.34,False,False,False
1003,2018,Singapore Grand Prix,15,154,Romain Grosjean,Haas F1 Team,haas,False,1,16,20:46:12,29.517,29517,29.517,False,False,False
1003,2018,Singapore Grand Prix,15,825,Kevin Magnussen,Haas F1 Team,haas,False,1,26,21:04:30,29.408,29408,29.408,False,False,False
1003,2018,Singapore Grand Prix,15,825,Kevin Magnussen,Haas F1 Team,haas,False,2,36,21:23:01,30.711,30711,30.711,False,False,False
1003,2018,Singapore Grand Prix,15,825,Kevin Magnussen,Haas F1 Team,haas,False,3,48,21:44:52,29.324,29324,29.324,False,False,False
1003,2018,Singapore Grand Prix,15,807,Nico Hülkenberg,Renault,renault,False,1,15,20:44:23,31.183,31183,31.183,False,False,False
1003,2018,Singapore Grand Prix,15,832,Carlos Sainz,Renault,renault,False,1,37,21:23:46,30.242,30242,30.242,False,False,False
1003,2018,Singapore Grand Prix,15,845,Sergey Sirotkin,Williams,williams,True,1,3,20:21:50,30.477,30477,30.477,False,False,False
1003,2018,Singapore Grand Prix,15,840,Lance Stroll,Williams,williams,True,1,40,21:30:02,28.767,28767,28.767,False,False,False
1003,2018,Singapore Grand Prix,15,845,Sergey Sirotkin,Williams,williams,True,2,45,21:39:51,34.022,34022,34.022,False,False,False
1005,2018,Japanese Grand Prix,17,815,Sergio Pérez,Force India,force_india,False,1,24,14:55:30,23.635,23635,23.635,False,False,False
1005,2018,Japanese Grand Prix,17,839,Esteban Ocon,Force India,force_india,False,1,26,14:58:45,23.316,23316,23.316,False,False,False
1005,2018,Japanese Grand Prix,17,825,Kevin Magnussen,Haas F1 Team,haas,False,1,2,14:17:48,29.007,29007,29.007,False,False,False
1005,2018,Japanese Grand Prix,17,154,Romain Grosjean,Haas F1 Team,haas,False,1,29,15:03:29,23.692,23692,23.692,False,False,False
1005,2018,Japanese Grand Prix,17,807,Nico Hülkenberg,Renault,renault,False,1,30,15:05:33,23.555,23555,23.555,False,False,False
1005,2018,Japanese Grand Prix,17,832,Carlos Sainz,Renault,renault,False,1,32,15:08:30,23.477,23477,23.477,False,False,False
1005,2018,Japanese Grand Prix,17,845,Sergey Sirotkin,Williams,williams,True,1,4,14:20:51,23.660,23660,23.66,False,False,False
1005,2018,Japanese Grand Prix,17,840,Lance Stroll,Williams,williams,True,1,14,14:39:30,23.657,23657,23.657,False,False,False
1005,2018,Japanese Grand Prix,17,845,Sergey Sirotkin,Williams,williams,True,2,38,15:18:43,23.647,23647,23.647,False,False,False
1005,2018,Japanese Grand Prix,17,840,Lance Stroll,Williams,williams,True,2,39,15:20:25,29.804,29804,29.804,False,False,False
1008,2018,Brazilian Grand Prix,20,815,Sergio Pérez,Force India,force_india,False,1,39,16:02:25,23.505,23505,23.505,False,False,False
1008,2018,Brazilian Grand Prix,20,839,Esteban Ocon,Force India,force_india,False,1,40,16:03:50,27.226,27226,27.226,False,False,False
1008,2018,Brazilian Grand Prix,20,839,Esteban Ocon,Force India,force_india,False,2,57,16:25:23,31.198,31198,31.198,False,False,False
1008,2018,Brazilian Grand Prix,20,154,Romain Grosjean,Haas F1 Team,haas,False,1,32,15:53:30,23.403,23403,23.403,False,False,False
1008,2018,Brazilian Grand Prix,20,825,Kevin Magnussen,Haas F1 Team,haas,False,1,41,16:04:39,23.115,23115,23.115,False,False,False
1008,2018,Brazilian Grand Prix,20,832,Carlos Sainz,Renault,renault,False,1,25,15:45:06,23.939,23939,23.939,False,False,False
1008,2018,Brazilian Grand Prix,20,832,Carlos Sainz,Renault,renault,False,2,48,16:14:02,23.770,23770,23.77,False,False,False
1008,2018,Brazilian Grand Prix,20,845,Sergey Sirotkin,Williams,williams,True,1,16,15:33:56,23.273,23273,23.273,False,False,False
1008,2018,Brazilian Grand Prix,20,840,Lance Stroll,Williams,williams,True,1,17,15:35:13,24.608,24608,24.608,False,False,False
1008,2018,Brazilian Grand Prix,20,840,Lance Stroll,Williams,williams,True,2,65,16:35:55,24.283,24283,24.283,False,False,False
1014,2019,Spanish Grand Prix,5,825,Kevin Magnussen,Haas F1 Team,haas,False,1,23,15:45:34,22.025,22025,22.025,False,False,False
1014,2019,Spanish Grand Prix,5,154,Romain Grosjean,Haas F1 Team,haas,False,1,26,15:49:40,22.379,22379,22.379,False,False,False
1014,2019,Spanish Grand Prix,5,825,Kevin Magnussen,Haas F1 Team,haas,False,2,45,16:16:29,22.992,22992,22.992,False,False,False
1014,2019,Spanish Grand Prix,5,154,Romain Grosjean,Haas F1 Team,haas,False,2,46,16:18:13,22.732,22732,22.732,False,False,False
1014,2019,Spanish Grand Prix,5,840,Lance Stroll,Racing Point,racing_point,False,1,22,15:44:26,23.321,23321,23.321,False,False,False
1014,2019,Spanish Grand Prix,5,815,Sergio Pérez,Racing Point,racing_point,False,1,24,15:47:11,22.781,22781,22.781,False,False,False
1014,2019,Spanish Grand Prix,5,815,Sergio Pérez,Racing Point,racing_point,False,2,45,16:17:06,22.896,22896,22.896,False,False,False
1014,2019,Spanish Grand Prix,5,817,Daniel Ricciardo,Renault,renault,False,1,24,15:47:07,22.379,22379,22.379,False,False,False
1014,2019,Spanish Grand Prix,5,807,Nico Hülkenberg,Renault,renault,False,1,35,16:02:40,22.193,22193,22.193,False,False,False
1014,2019,Spanish Grand Prix,5,817,Daniel Ricciardo,Renault,renault,False,2,45,16:16:58,22.702,22702,22.702,False,False,False
1014,2019,Spanish Grand Prix,5,9,Robert Kubica,Williams,williams,True,1,31,15:58:16,21.954,21954,21.954,False,False,False
1014,2019,Spanish Grand Prix,5,847,George Russell,Williams,williams,True,1,32,15:59:33,22.442,22442,22.442,False,False,False
1014,2019,Spanish Grand Prix,5,847,George Russell,Williams,williams,True,2,44,16:17:28,21.846,21846,21.846,False,False,False
1014,2019,Spanish Grand Prix,5,9,Robert Kubica,Williams,williams,True,2,44,16:17:59,22.142,22142,22.142,False,False,False
1015,2019,Monaco Grand Prix,6,825,Kevin Magnussen,Haas F1 Team,haas,False,1,11,15:27:55,25.419,25419,25.419,False,False,False
1015,2019,Monaco Grand Prix,6,154,Romain Grosjean,Haas F1 Team,haas,False,1,50,16:20:12,24.219,24219,24.219,False,False,False
1015,2019,Monaco Grand Prix,6,815,Sergio Pérez,Racing Point,racing_point,False,1,11,15:28:09,28.463,28463,28.463,False,False,False
1015,2019,Monaco Grand Prix,6,840,Lance Stroll,Racing Point,racing_point,False,1,39,16:06:35,24.591,24591,24.591,False,False,False
1015,2019,Monaco Grand Prix,6,807,Nico Hülkenberg,Renault,renault,False,1,9,15:24:59,25.532,25532,25.532,False,False,False
1015,2019,Monaco Grand Prix,6,817,Daniel Ricciardo,Renault,renault,False,1,11,15:27:55,24.269,24269,24.269,False,False,False
1015,2019,Monaco Grand Prix,6,847,George Russell,Williams,williams,True,1,10,15:26:35,26.165,26165,26.165,False,False,False
1015,2019,Monaco Grand Prix,6,9,Robert Kubica,Williams,williams,True,1,21,15:43:09,23.946,23946,23.946,False,False,False
1018,2019,Austrian Grand Prix,9,825,Kevin Magnussen,Haas F1 Team,haas,False,1,11,15:26:15,23.243,23243,23.243,False,False,False
1018,2019,Austrian Grand Prix,9,154,Romain Grosjean,Haas F1 Team,haas,False,1,34,15:53:32,22.265,22265,22.265,False,False,False
1018,2019,Austrian Grand Prix,9,825,Kevin Magnussen,Haas F1 Team,haas,False,2,13,15:29:01,16.224,16224,16.224,False,False,False
1018,2019,Austrian Grand Prix,9,825,Kevin Magnussen,Haas F1 Team,haas,False,3,62,16:27:00,22.309,22309,22.309,False,False,False
1018,2019,Austrian Grand Prix,9,840,Lance Stroll,Racing Point,racing_point,False,1,25,15:42:36,21.982,21982,21.982,False,False,False
1018,2019,Austrian Grand Prix,9,815,Sergio Pérez,Racing Point,racing_point,False,1,28,15:46:02,22.330,22330,22.33,False,False,False
1018,2019,Austrian Grand Prix,9,807,Nico Hülkenberg,Renault,renault,False,1,26,15:43:43,21.985,21985,21.985,False,False,False
1018,2019,Austrian Grand Prix,9,817,Daniel Ricciardo,Renault,renault,False,1,46,16:07:18,22.305,22305,22.305,False,False,False
1018,2019,Austrian Grand Prix,9,9,Robert Kubica,Williams,williams,True,1,19,15:36:00,21.525,21525,21.525,False,False,False
1018,2019,Austrian Grand Prix,9,847,George Russell,Williams,williams,True,1,27,15:45:22,22.772,22772,22.772,False,False,False
1019,2019,British Grand Prix,10,154,Romain Grosjean,Haas F1 Team,haas,False,1,1,14:15:12,33.562,33562,33.562,False,False,False
1019,2019,British Grand Prix,10,825,Kevin Magnussen,Haas F1 Team,haas,False,1,1,14:15:41,32.767,32767,32.767,False,False,False
1019,2019,British Grand Prix,10,840,Lance Stroll,Racing Point,racing_point,False,1,13,14:33:24,30.400,30400,30.4,False,False,False
1019,2019,British Grand Prix,10,815,Sergio Pérez,Racing Point,racing_point,False,1,18,14:41:03,30.264,30264,30.264,False,False,False
1019,2019,British Grand Prix,10,815,Sergio Pérez,Racing Point,racing_point,False,2,24,14:52:57,38.032,38032,38.032,False,False,False
1019,2019,British Grand Prix,10,840,Lance Stroll,Racing Point,racing_point,False,2,39,15:15:42,29.074,29074,29.074,False,False,False
1019,2019,British Grand Prix,10,815,Sergio Pérez,Racing Point,racing_point,False,3,46,15:26:57,28.747,28747,28.747,False,False,False
1019,2019,British Grand Prix,10,817,Daniel Ricciardo,Renault,renault,False,1,12,14:31:41,28.416,28416,28.416,False,False,False
1019,2019,British Grand Prix,10,807,Nico Hülkenberg,Renault,renault,False,1,13,14:33:19,28.926,28926,28.926,False,False,False
1019,2019,British Grand Prix,10,817,Daniel Ricciardo,Renault,renault,False,2,20,14:44:42,28.381,28381,28.381,False,False,False
1019,2019,British Grand Prix,10,9,Robert Kubica,Williams,williams,True,1,20,14:45:15,28.694,28694,28.694,False,False,False
1019,2019,British Grand Prix,10,847,George Russell,Williams,williams,True,1,21,14:47:16,30.245,30245,30.245,False,False,False
1021,2019,Hungarian Grand Prix,12,154,Romain Grosjean,Haas F1 Team,haas,False,1,19,15:39:45,22.035,22035,22.035,False,False,False
1021,2019,Hungarian Grand Prix,12,825,Kevin Magnussen,Haas F1 Team,haas,False,1,38,16:06:21,21.618,21618,21.618,False,False,False
1021,2019,Hungarian Grand Prix,12,840,Lance Stroll,Racing Point,racing_point,False,1,16,15:35:49,22.085,22085,22.085,False,False,False
1021,2019,Hungarian Grand Prix,12,815,Sergio Pérez,Racing Point,racing_point,False,1,18,15:38:23,21.901,21901,21.901,False,False,False
1021,2019,Hungarian Grand Prix,12,840,Lance Stroll,Racing Point,racing_point,False,2,50,16:23:45,21.563,21563,21.563,False,False,False
1021,2019,Hungarian Grand Prix,12,807,Nico Hülkenberg,Renault,renault,False,1,36,16:03:27,21.734,21734,21.734,False,False,False
1021,2019,Hungarian Grand Prix,12,817,Daniel Ricciardo,Renault,renault,False,1,46,16:17:28,22.498,22498,22.498,False,False,False
1021,2019,Hungarian Grand Prix,12,847,George Russell,Williams,williams,True,1,16,15:35:47,21.333,21333,21.333,False,False,False
1021,2019,Hungarian Grand Prix,12,9,Robert Kubica,Williams,williams,True,1,18,15:38:44,21.754,21754,21.754,False,False,False
1022,2019,Belgian Grand Prix,13,154,Romain Grosjean,Haas F1 Team,haas,False,1,16,15:46:59,22.912,22912,22.912,False,False,False
1022,2019,Belgian Grand Prix,13,825,Kevin Magnussen,Haas F1 Team,haas,False,1,25,16:04:08,22.584,22584,22.584,False,False,False
1022,2019,Belgian Grand Prix,13,840,Lance Stroll,Racing Point,racing_point,False,1,14,15:43:25,22.774,22774,22.774,False,False,False
1022,2019,Belgian Grand Prix,13,815,Sergio Pérez,Racing Point,racing_point,False,1,15,15:45:09,23.133,23133,23.133,False,False,False
1022,2019,Belgian Grand Prix,13,840,Lance Stroll,Racing Point,racing_point,False,2,30,16:13:12,25.250,25250,25.25,False,False,False
1022,2019,Belgian Grand Prix,13,817,Daniel Ricciardo,Renault,renault,False,1,1,15:16:08,27.620,27620,27.62,False,False,False
1022,2019,Belgian Grand Prix,13,807,Nico Hülkenberg,Renault,renault,False,1,11,15:37:54,23.475,23475,23.475,False,False,False
1022,2019,Belgian Grand Prix,13,807,Nico Hülkenberg,Renault,renault,False,2,31,16:15:01,23.000,23000,23.0,False,False,False
1022,2019,Belgian Grand Prix,13,847,George Russell,Williams,williams,True,1,30,16:13:41,22.442,22442,22.442,False,False,False
1022,2019,Belgian Grand Prix,13,9,Robert Kubica,Williams,williams,True,1,31,16:15:35,24.247,24247,24.247,False,False,False
1023,2019,Italian Grand Prix,14,154,Romain Grosjean,Haas F1 Team,haas,False,1,7,15:23:54,26.481,26481,26.481,False,False,False
1023,2019,Italian Grand Prix,14,825,Kevin Magnussen,Haas F1 Team,haas,False,1,20,15:42:25,24.400,24400,24.4,False,False,False
1023,2019,Italian Grand Prix,14,154,Romain Grosjean,Haas F1 Team,haas,False,2,29,15:56:36,25.121,25121,25.121,False,False,False
1023,2019,Italian Grand Prix,14,825,Kevin Magnussen,Haas F1 Team,haas,False,2,34,16:03:34,24.978,24978,24.978,False,False,False
1023,2019,Italian Grand Prix,14,840,Lance Stroll,Racing Point,racing_point,False,1,15,15:35:16,18.838,18838,18.838,False,False,False
1023,2019,Italian Grand Prix,14,815,Sergio Pérez,Racing Point,racing_point,False,1,28,15:54:06,25.340,25340,25.34,False,False,False
1023,2019,Italian Grand Prix,14,840,Lance Stroll,Racing Point,racing_point,False,2,22,15:45:38,24.419,24419,24.419,False,False,False
1023,2019,Italian Grand Prix,14,807,Nico Hülkenberg,Renault,renault,False,1,29,15:55:13,24.092,24092,24.092,False,False,False
1023,2019,Italian Grand Prix,14,817,Daniel Ricciardo,Renault,renault,False,1,30,15:56:33,24.320,24320,24.32,False,False,False
1023,2019,Italian Grand Prix,14,847,George Russell,Williams,williams,True,1,23,15:47:03,24.198,24198,24.198,False,False,False
1023,2019,Italian Grand Prix,14,9,Robert Kubica,Williams,williams,True,1,29,15:56:17,31.842,31842,31.842,False,False,False
1023,2019,Italian Grand Prix,14,9,Robert Kubica,Williams,williams,True,2,44,16:18:54,23.860,23860,23.86,False,False,False
1024,2019,Singapore Grand Prix,15,825,Kevin Magnussen,Haas F1 Team,haas,False,1,18,20:46:43,29.403,29403,29.403,False,False,False
1024,2019,Singapore Grand Prix,15,154,Romain Grosjean,Haas F1 Team,haas,False,1,23,20:56:19,29.456,29456,29.456,False,False,False
1024,2019,Singapore Grand Prix,15,154,Romain Grosjean,Haas F1 Team,haas,False,2,35,21:18:29,43.576,43576,43.576,False,False,False
1024,2019,Singapore Grand Prix,15,825,Kevin Magnussen,Haas F1 Team,haas,False,2,56,22:04:12,30.916,30916,30.916,False,False,False
1024,2019,Singapore Grand Prix,15,815,Sergio Pérez,Racing Point,racing_point,False,1,13,20:37:45,29.082,29082,29.082,False,False,False
1024,2019,Singapore Grand Prix,15,840,Lance Stroll,Racing Point,racing_point,False,1,31,21:10:22,29.482,29482,29.482,False,False,False
1024,2019,Singapore Grand Prix,15,840,Lance Stroll,Racing Point,racing_point,False,2,41,21:32:33,39.188,39188,39.188,False,False,False
1024,2019,Singapore Grand Prix,15,840,Lance Stroll,Racing Point,racing_point,False,3,44,21:39:08,29.460,29460,29.46,False,False,False
1024,2019,Singapore Grand Prix,15,807,Nico Hülkenberg,Renault,renault,False,1,1,20:15:37,29.563,29563,29.563,False,False,False
1024,2019,Singapore Grand Prix,15,817,Daniel Ricciardo,Renault,renault,False,1,34,21:16:25,30.756,30756,30.756,False,False,False
1024,2019,Singapore Grand Prix,15,807,Nico Hülkenberg,Renault,renault,False,2,36,21:19:55,29.152,29152,29.152,False,False,False
1024,2019,Singapore Grand Prix,15,847,George Russell,Williams,williams,True,1,1,20:15:56,38.752,38752,38.752,False,False,False
1024,2019,Singapore Grand Prix,15,9,Robert Kubica,Williams,williams,True,1,21,20:52:58,29.033,29033,29.033,False,False,False
1024,2019,Singapore Grand Prix,15,9,Robert Kubica,Williams,williams,True,2,44,21:38:24,30.321,30321,30.321,False,False,False
1026,2019,Japanese Grand Prix,17,154,Romain Grosjean,Haas F1 Team,haas,False,1,16,14:39:43,23.478,23478,23.478,False,False,False
1026,2019,Japanese Grand Prix,17,825,Kevin Magnussen,Haas F1 Team,haas,False,1,17,14:41:19,24.156,24156,24.156,False,False,False
1026,2019,Japanese Grand Prix,17,825,Kevin Magnussen,Haas F1 Team,haas,False,2,47,15:30:01,23.973,23973,23.973,False,False,False
1026,2019,Japanese Grand Prix,17,840,Lance Stroll,Racing Point,racing_point,False,1,18,14:42:37,23.292,23292,23.292,False,False,False
1026,2019,Japanese Grand Prix,17,815,Sergio Pérez,Racing Point,racing_point,False,1,19,14:44:18,22.880,22880,22.88,False,False,False
1026,2019,Japanese Grand Prix,17,815,Sergio Pérez,Racing Point,racing_point,False,2,41,15:19:44,23.301,23301,23.301,False,False,False
1026,2019,Japanese Grand Prix,17,807,Nico Hülkenberg,Renault,renault,False,1,19,14:44:14,24.132,24132,24.132,False,False,False
1026,2019,Japanese Grand Prix,17,817,Daniel Ricciardo,Renault,renault,False,1,29,15:00:26,23.292,23292,23.292,False,False,False
1026,2019,Japanese Grand Prix,17,9,Robert Kubica,Williams,williams,True,1,22,14:50:09,26.734,26734,26.734,False,False,False
1026,2019,Japanese Grand Prix,17,847,George Russell,Williams,williams,True,1,25,14:54:38,23.792,23792,23.792,False,False,False
1026,2019,Japanese Grand Prix,17,9,Robert Kubica,Williams,williams,True,2,33,15:08:46,22.970,22970,22.97,False,False,False
1029,2019,Brazilian Grand Prix,20,154,Romain Grosjean,Haas F1 Team,haas,False,1,26,14:45:45,23.776,23776,23.776,False,False,False
1029,2019,Brazilian Grand Prix,20,825,Kevin Magnussen,Haas F1 Team,haas,False,1,27,14:47:22,23.891,23891,23.891,False,False,False
1029,2019,Brazilian Grand Prix,20,825,Kevin Magnussen,Haas F1 Team,haas,False,2,53,15:20:13,23.479,23479,23.479,False,False,False
1029,2019,Brazilian Grand Prix,20,154,Romain Grosjean,Haas F1 Team,haas,False,2,65,15:36:48,23.471,23471,23.471,False,False,False
1029,2019,Brazilian Grand Prix,20,815,Sergio Pérez,Racing Point,racing_point,False,1,17,14:34:32,23.079,23079,23.079,False,False,False
1029,2019,Brazilian Grand Prix,20,840,Lance Stroll,Racing Point,racing_point,False,1,28,14:48:22,23.346,23346,23.346,False,False,False
1029,2019,Brazilian Grand Prix,20,815,Sergio Pérez,Racing Point,racing_point,False,2,45,15:09:29,23.142,23142,23.142,False,False,False
1029,2019,Brazilian Grand Prix,20,840,Lance Stroll,Racing Point,racing_point,False,2,53,15:19:57,24.841,24841,24.841,False,False,False
1029,2019,Brazilian Grand Prix,20,817,Daniel Ricciardo,Renault,renault,False,1,8,14:23:15,30.760,30760,30.76,False,False,False
1029,2019,Brazilian Grand Prix,20,807,Nico Hülkenberg,Renault,renault,False,1,27,14:47:09,23.344,23344,23.344,False,False,False
1029,2019,Brazilian Grand Prix,20,817,Daniel Ricciardo,Renault,renault,False,2,40,15:03:20,29.491,29491,29.491,False,False,False
1029,2019,Brazilian Grand Prix,20,807,Nico Hülkenberg,Renault,renault,False,2,44,15:08:36,23.596,23596,23.596,False,False,False
1029,2019,Brazilian Grand Prix,20,807,Nico Hülkenberg,Renault,renault,False,3,53,15:20:31,22.747,22747,22.747,False,False,False
1029,2019,Brazilian Grand Prix,20,9,Robert Kubica,Williams,williams,True,1,20,14:38:47,23.861,23861,23.861,False,False,False
1029,2019,Brazilian Grand Prix,20,847,George Russell,Williams,williams,True,1,23,14:42:37,22.500,22500,22.5,False,False,False
1029,2019,Brazilian Grand Prix,20,9,Robert Kubica,Williams,williams,True,2,36,14:59:30,29.268,29268,29.268,False,False,False
1029,2019,Brazilian Grand Prix,20,847,George Russell,Williams,williams,True,2,54,15:22:31,23.199,23199,23.199,False,False,False
1029,2019,Brazilian Grand Prix,20,9,Robert Kubica,Williams,williams,True,3,53,15:22:16,24.873,24873,24.873,False,False,False
1029,2019,Brazilian Grand Prix,20,847,George Russell,Williams,williams,True,3,66,15:38:17,22.441,22441,22.441,False,False,False
1029,2019,Brazilian Grand Prix,20,9,Robert Kubica,Williams,williams,True,4,66,15:40:02,23.158,23158,23.158,False,True,True
